time,ax (m/s^2),ay (m/s^2),az (m/s^2),aT (m/s^2)
0.002000,0.0110,-0.0057,-0.0097,0.016
0.002000,0.0109,0.0157,-0.0002,0.019
0.003000,-0.0011,-0.0224,-0.0357,0.042
0.005000,0.0107,-0.0150,0.0025,0.019
0.010000,-0.0037,-0.0079,0.0144,0.017
0.019000,-0.0085,0.0230,0.0024,0.025
0.020000,0.0011,0.0038,0.0047,0.006
0.025000,-0.0037,0.0086,0.0094,0.013
0.030000,-0.0202,-0.0128,0.0093,0.026
0.036000,0.0227,0.0133,-0.0026,0.026
0.040000,0.0106,-0.0034,-0.0026,0.011
0.044000,-0.0083,0.0274,0.0046,0.029
0.051000,-0.0178,0.0058,0.0045,0.019
0.055000,-0.0154,-0.0132,-0.0002,0.020
0.059000,0.0226,-0.0061,-0.0121,0.026
0.064000,0.0177,-0.0132,-0.0191,0.029
0.069000,-0.0086,0.0154,0.0261,0.032
0.074000,0.0080,-0.0156,0.0022,0.018
0.079000,0.0007,-0.0084,0.0116,0.014
0.089000,-0.0301,-0.0178,0.0163,0.039
0.089000,0.0129,-0.0057,-0.0076,0.016
0.093000,-0.0062,-0.0270,-0.0123,0.030
0.099000,-0.0014,0.0135,-0.0003,0.014
0.103000,-0.0108,-0.0008,0.0045,0.012
0.108000,-0.0013,0.0039,-0.0003,0.004
0.113000,-0.0249,0.0158,0.0187,0.035
0.129000,0.0015,0.0157,0.0114,0.019
0.129000,-0.0032,0.0085,0.0042,0.010
0.129000,-0.0103,-0.0082,0.0089,0.016
0.135000,-0.0054,0.0038,0.0112,0.013
0.137000,-0.0149,-0.0058,0.0016,0.016
0.142000,-0.0124,0.0180,0.0229,0.032
0.147000,0.0090,0.0013,0.0109,0.014
0.152000,-0.0007,-0.0225,-0.0248,0.034
0.157000,-0.0078,-0.0081,0.0134,0.018
0.161000,-0.0055,0.0109,0.0180,0.022
0.173000,-0.0339,-0.0318,-0.0011,0.047
0.174000,-0.0171,0.0041,-0.0059,0.019
0.176000,0.0164,-0.0054,-0.0034,0.018
0.181000,-0.0004,0.0183,0.0061,0.019
0.187000,-0.0124,-0.0127,-0.0201,0.027
0.191000,-0.0004,0.0016,0.0015,0.002
0.196000,-0.0003,0.0040,0.0133,0.014
0.211000,-0.0075,-0.0244,-0.0200,0.032
0.212000,-0.0217,-0.0028,-0.0246,0.033
0.212000,-0.0096,-0.0052,-0.0197,0.023
0.215000,-0.0096,0.0280,0.0090,0.031
0.223000,0.0025,0.0207,0.0160,0.026
0.225000,0.0074,-0.0102,0.0064,0.014
0.230000,0.0144,-0.0053,-0.0031,0.016
0.236000,0.0072,0.0041,-0.0007,0.008
0.240000,0.0072,0.0112,0.0325,0.035
0.245000,-0.0119,-0.0125,-0.0152,0.023
0.250000,-0.0118,0.0089,0.0134,0.020
0.255000,0.0049,-0.0102,-0.0034,0.012
0.260000,-0.0070,-0.0266,-0.0271,0.039
0.264000,-0.0069,-0.0026,-0.0150,0.017
0.270000,-0.0164,-0.0263,-0.0030,0.031
0.274000,-0.0139,0.0165,0.0231,0.032
0.279000,0.0099,-0.0097,-0.0032,0.014
0.293000,0.0193,0.0117,-0.0031,0.023
0.294000,-0.0070,-0.0050,-0.0007,0.009
0.294000,0.0097,-0.0121,-0.0126,0.020
0.299000,-0.0166,-0.0120,0.0018,0.021
0.303000,0.0095,0.0141,0.0136,0.022
0.308000,-0.0096,0.0211,0.0064,0.024
0.313000,0.0189,0.0043,0.0040,0.020
0.333000,-0.0167,0.0067,0.0063,0.019
0.334000,-0.0024,-0.0005,0.0039,0.005
0.334000,0.0072,0.0018,0.0038,0.008
0.334000,0.0024,0.0138,0.0133,0.019
0.337000,0.0188,-0.0053,-0.0200,0.028
0.342000,0.0093,-0.0122,-0.0127,0.020
0.347000,0.0045,0.0116,0.0206,0.024
0.353000,-0.0192,0.0020,0.0133,0.023
0.357000,-0.0095,-0.0218,-0.0177,0.030
0.362000,0.0143,0.0330,-0.0033,0.036
0.367000,0.0000,0.0113,0.0133,0.018
0.372000,-0.0212,0.0136,0.0132,0.028
0.377000,0.0003,0.0063,0.0131,0.015
0.382000,0.0123,0.0228,0.0249,0.036
0.386000,0.0052,-0.0154,-0.0038,0.017
0.394000,0.0051,-0.0083,0.0034,0.010
0.396000,-0.0069,-0.0177,0.0152,0.024
0.408000,-0.0377,-0.0390,0.0151,0.056
0.409000,-0.0184,-0.0315,0.0102,0.038
0.410000,0.0054,0.0043,0.0077,0.010
0.415000,-0.0068,0.0184,0.0053,0.020
0.420000,0.0217,0.0135,0.0005,0.026
0.425000,-0.0189,0.0134,0.0266,0.035
0.430000,-0.0069,-0.0199,-0.0163,0.027
0.445000,0.0144,0.0205,-0.0138,0.029
0.446000,-0.0001,-0.0010,0.0076,0.008
0.446000,0.0236,-0.0082,-0.0090,0.027
0.457000,0.0116,-0.0058,-0.0042,0.014
0.458000,-0.0051,-0.0034,0.0101,0.012
0.459000,0.0114,0.0061,0.0100,0.016
0.464000,-0.0028,-0.0011,-0.0043,0.005
0.470000,0.0067,-0.0011,0.0052,0.009
0.474000,-0.0098,0.0038,0.0099,0.014
0.479000,-0.0003,0.0085,0.0146,0.017
0.484000,-0.0002,0.0179,-0.0188,0.026
0.489000,0.0306,0.0106,0.0004,0.032
0.494000,-0.0004,-0.0227,-0.0305,0.038
0.499000,-0.0076,-0.0059,0.0077,0.012
0.503000,0.0018,-0.0177,-0.0256,0.031
0.508000,0.0255,-0.0081,-0.0064,0.027
0.513000,-0.0095,0.0252,0.0055,0.027
0.527000,0.0173,-0.0035,0.0055,0.018
0.527000,-0.0490,-0.0034,0.0244,0.055
0.528000,-0.0081,0.0013,0.0052,0.010
0.533000,-0.0081,-0.0153,-0.0185,0.025
0.540000,0.0084,-0.0081,0.0125,0.017
0.542000,-0.0132,0.0109,0.0171,0.024
0.547000,0.0012,0.0227,0.0099,0.025
0.568000,0.0013,0.0154,0.0074,0.017
0.569000,0.0226,-0.0037,-0.0069,0.024
0.569000,0.0129,0.0010,0.0050,0.014
0.570000,0.0269,0.0128,-0.0093,0.031
0.572000,-0.0016,-0.0182,-0.0021,0.018
0.577000,0.0008,0.0128,0.0098,0.016
0.581000,-0.0205,0.0055,0.0145,0.026
0.587000,-0.0154,0.0151,0.0049,0.022
0.591000,0.0109,-0.0159,-0.0094,0.021
0.596000,0.0274,0.0104,-0.0046,0.030
0.617000,0.0130,-0.0015,0.0002,0.013
0.618000,0.0011,0.0151,0.0168,0.023
0.620000,0.0059,-0.0134,-0.0071,0.016
0.620000,0.0058,0.0009,-0.0070,0.009
0.620000,0.0034,-0.0086,-0.0070,0.012
0.625000,-0.0062,-0.0134,-0.0021,0.015
0.630000,0.0058,-0.0180,-0.0140,0.024
0.635000,-0.0132,0.0034,0.0099,0.017
0.640000,-0.0202,-0.0037,-0.0140,0.025
0.644000,0.0155,-0.0203,-0.0376,0.045
0.650000,-0.0203,-0.0201,-0.0349,0.045
0.662000,0.0012,0.0110,0.0010,0.011
0.662000,0.0107,0.0038,0.0081,0.014
0.664000,0.0082,-0.0130,-0.0109,0.019
0.670000,0.0154,0.0085,0.0081,0.019
0.674000,-0.0060,0.0085,0.0009,0.010
0.679000,0.0107,-0.0153,-0.0133,0.023
0.684000,0.0012,-0.0057,-0.0085,0.010
0.689000,0.0082,-0.0081,0.0082,0.014
0.694000,-0.0015,-0.0105,-0.0037,0.011
0.698000,-0.0084,0.0158,0.0011,0.018
0.703000,0.0083,-0.0009,-0.0084,0.012
0.709000,-0.0012,-0.0032,0.0035,0.005
0.713000,-0.0226,-0.0197,-0.0131,0.033
0.729000,0.0084,-0.0052,-0.0035,0.011
0.730000,0.0274,-0.0029,0.0013,0.028
0.730000,0.0130,0.0091,-0.0177,0.024
0.732000,-0.0133,0.0161,0.0014,0.021
0.738000,-0.0226,-0.0149,-0.0200,0.034
0.742000,-0.0012,-0.0100,-0.0056,0.012
0.747000,0.0011,-0.0029,0.0016,0.003
0.763000,0.0010,-0.0171,-0.0008,0.017
0.763000,-0.0108,0.0138,-0.0008,0.018
0.764000,-0.0058,0.0018,0.0040,0.007
0.767000,0.0037,-0.0030,-0.0127,0.014
0.774000,-0.0011,-0.0314,-0.0173,0.036
0.776000,0.0179,-0.0074,-0.0433,0.047
0.781000,-0.0036,0.0117,0.0045,0.013
0.786000,-0.0105,0.0186,0.0116,0.024
0.791000,0.0038,-0.0100,-0.0051,0.012
0.796000,-0.0033,-0.0289,-0.0193,0.035
0.800000,0.0038,-0.0145,-0.0191,0.024
0.805000,0.0037,0.0117,0.0071,0.014
0.810000,0.0060,-0.0074,0.0142,0.017
0.815000,-0.0107,0.0093,0.0378,0.040
0.828000,-0.0060,-0.0192,-0.0052,0.021
0.829000,-0.0059,-0.0167,0.0020,0.018
0.830000,-0.0035,0.0144,0.0043,0.015
0.836000,-0.0082,0.0119,0.0114,0.018
0.841000,-0.0080,-0.0143,-0.0101,0.019
0.844000,0.0157,-0.0118,-0.0052,0.020
0.849000,-0.0106,0.0120,0.0067,0.017
0.869000,0.0037,-0.0047,-0.0029,0.007
0.870000,0.0012,-0.0024,0.0043,0.005
0.870000,-0.0154,0.0166,0.0137,0.026
0.871000,-0.0129,-0.0144,-0.0006,0.019
0.874000,-0.0080,0.0024,0.0089,0.012
0.879000,-0.0127,-0.0118,0.0254,0.031
0.883000,-0.0102,-0.0164,-0.0080,0.021
0.889000,0.0065,0.0075,-0.0008,0.010
0.893000,-0.0031,-0.0045,-0.0103,0.012
0.898000,0.0111,0.0192,-0.0007,0.022
0.904000,0.0016,0.0214,-0.0055,0.022
0.909000,0.0065,0.0164,0.0041,0.018
0.913000,0.0018,-0.0099,-0.0079,0.013
0.918000,-0.0052,0.0352,0.0207,0.041
0.923000,-0.0001,-0.0030,-0.0032,0.004
0.928000,0.0217,0.0065,-0.0151,0.027
0.933000,0.0170,0.0160,0.0088,0.025
0.946000,-0.0088,0.0231,0.0016,0.025
0.947000,-0.0012,-0.0102,-0.0126,0.016
0.948000,0.0181,0.0041,-0.0149,0.024
0.953000,-0.0007,-0.0102,-0.0006,0.010
0.979000,0.0066,0.0089,0.0089,0.014
0.979000,-0.0002,-0.0007,0.0041,0.004
0.980000,0.0051,-0.0055,-0.0030,0.008
0.980000,-0.0013,0.0017,0.0183,0.018
0.980000,0.0070,0.0018,0.0039,0.008
0.981000,0.0056,0.0114,0.0039,0.013
0.986000,-0.0126,0.0137,0.0252,0.031
0.991000,-0.0022,-0.0029,-0.0035,0.005
0.996000,0.0080,-0.0147,-0.0011,0.017
1.001000,-0.0201,-0.0193,-0.0058,0.028
1.006000,0.0020,0.0046,0.0085,0.010
1.011000,0.0051,-0.0024,-0.0130,0.014
1.016000,-0.0111,-0.0143,-0.0152,0.024
1.022000,0.0084,-0.0189,-0.0151,0.026
1.025000,0.0085,0.0002,-0.0055,0.010
1.030000,-0.0034,-0.0046,0.0206,0.021
1.036000,0.0159,-0.0068,-0.0246,0.030
1.039000,0.0136,-0.0091,0.0088,0.019
1.044000,0.0160,-0.0139,0.0064,0.022
1.050000,0.0113,-0.0091,0.0063,0.016
1.057000,-0.0076,0.0101,-0.0032,0.013
1.060000,-0.0025,0.0005,-0.0127,0.013
1.064000,-0.0210,0.0029,-0.0268,0.034
1.083000,-0.0039,-0.0089,0.0066,0.012
1.084000,-0.0202,0.0292,-0.0053,0.036
1.084000,-0.0436,-0.0089,0.0113,0.046
1.084000,-0.0291,-0.0017,-0.0125,0.032
1.090000,-0.0832,-0.0088,-0.0314,0.089
1.093000,-0.0728,-0.0158,-0.0074,0.075
1.098000,-0.0268,0.0249,-0.0263,0.045
1.103000,-0.0956,0.0012,0.0143,0.097
1.108000,-0.1544,-0.0604,-0.0214,0.167
1.113000,-0.0708,0.0445,0.0167,0.085
1.118000,0.0732,-0.0008,0.0166,0.075
1.122000,0.1186,0.0350,0.0117,0.124
1.127000,0.1691,-0.0151,-0.0026,0.170
1.132000,0.0253,-0.0005,-0.0050,0.026
1.137000,-0.0625,0.0115,0.0069,0.064
1.142000,-0.1428,0.0423,0.0069,0.149
1.147000,-0.2865,-0.0245,0.0424,0.291
1.156000,-0.0905,-0.0057,0.0183,0.093
1.157000,0.0750,0.0202,-0.0625,0.100
1.162000,-0.0792,-0.0869,0.0329,0.122
1.167000,-0.1269,0.0820,-0.0385,0.156
1.185000,-0.0327,-0.0095,0.0069,0.035
1.187000,0.4755,0.0184,-0.0834,0.483
1.188000,0.1922,-0.0198,-0.0329,0.196
1.188000,0.2349,-0.0104,-0.0397,0.238
1.191000,0.1207,-0.0177,-0.0204,0.124
1.196000,0.0295,0.0084,0.0249,0.040
1.201000,0.0103,0.0035,0.0128,0.017
1.206000,0.0363,-0.0108,-0.0039,0.038
1.211000,0.0124,-0.0060,0.0009,0.014
1.215000,0.0148,-0.0155,-0.0157,0.027
1.221000,0.0030,-0.0416,0.0247,0.048
1.225000,-0.0232,-0.0057,0.0150,0.028
1.230000,-0.0135,-0.0009,-0.0136,0.019
1.235000,0.0103,-0.0057,-0.0064,0.013
1.240000,-0.0137,-0.0128,-0.0324,0.037
1.245000,-0.0090,-0.0174,-0.0108,0.022
1.250000,-0.0068,-0.0103,-0.0178,0.022
1.254000,0.0026,-0.0245,-0.0081,0.026
1.260000,0.0144,-0.0148,-0.0105,0.023
1.264000,-0.0072,0.0019,0.0062,0.010
1.275000,0.0022,-0.0194,-0.0128,0.023
1.276000,-0.0097,-0.0098,-0.0174,0.022
1.279000,0.0141,-0.0048,-0.0054,0.016
1.284000,0.0138,-0.0096,-0.0077,0.019
1.306000,0.0089,-0.0025,-0.0053,0.011
1.307000,0.0206,0.0093,0.0042,0.023
1.307000,-0.0105,0.0116,-0.0219,0.027
1.308000,0.0037,-0.0004,0.0115,0.012
1.308000,0.0061,0.0044,0.0114,0.014
1.313000,-0.0033,0.0021,0.0018,0.004
1.318000,0.0158,-0.0145,-0.0006,0.021
1.323000,0.0133,-0.0333,-0.0243,0.043
1.328000,-0.0247,0.0073,0.0115,0.028
1.332000,-0.0126,-0.0187,0.0019,0.023
1.337000,0.0112,-0.0114,0.0090,0.018
1.343000,0.0038,-0.0161,-0.0077,0.018
1.347000,-0.0033,0.0054,-0.0313,0.032
1.352000,0.0039,-0.0113,-0.0145,0.019
1.358000,-0.0032,-0.0254,0.0070,0.027
1.362000,-0.0244,-0.0038,-0.0215,0.033
1.367000,0.0092,-0.0015,-0.0166,0.019
1.376000,-0.0097,-0.0109,0.0120,0.019
1.377000,0.0071,-0.0013,0.0095,0.012
1.382000,0.0211,0.0224,-0.0071,0.032
1.386000,0.0017,-0.0135,-0.0071,0.015
1.407000,0.0041,0.0055,-0.0023,0.007
1.408000,0.0134,-0.0063,-0.0094,0.018
1.409000,0.0155,0.0079,0.0026,0.018
1.409000,-0.0205,-0.0065,-0.0117,0.024
1.411000,0.0056,-0.0302,0.0050,0.031
1.415000,0.0291,0.0151,-0.0022,0.033
1.420000,0.0050,-0.0087,-0.0045,0.011
1.425000,0.0000,-0.0111,0.0098,0.015
1.430000,-0.0049,-0.0159,0.0050,0.017
1.435000,-0.0144,-0.0229,-0.0117,0.029
1.441000,0.0188,0.0058,-0.0069,0.021
1.447000,0.0020,0.0057,0.0240,0.025
1.450000,-0.0097,0.0104,0.0238,0.028
1.456000,-0.0026,-0.0087,-0.0214,0.023
1.461000,-0.0074,-0.0134,0.0120,0.019
1.465000,0.0329,0.0222,-0.0048,0.040
1.469000,0.0302,-0.0018,0.0024,0.030
1.475000,-0.0177,0.0220,0.0332,0.044
1.480000,0.0037,-0.0186,-0.0192,0.027
1.485000,-0.0083,0.0029,0.0047,0.010
1.502000,0.0273,0.0218,0.0022,0.035
1.505000,-0.0040,0.0003,0.0141,0.015
1.506000,-0.0207,-0.0044,-0.0098,0.023
1.507000,0.0126,-0.0043,-0.0026,0.014
1.510000,-0.0232,-0.0210,-0.0429,0.053
1.513000,-0.0255,-0.0043,-0.0259,0.037
1.518000,-0.0111,-0.0019,-0.0020,0.011
1.539000,-0.0660,0.0195,0.0052,0.069
1.539000,-0.0660,0.0075,0.0241,0.071
1.540000,-0.0398,0.0027,0.0168,0.043
1.540000,-0.0161,-0.0280,-0.0308,0.045
1.543000,0.0291,-0.0016,0.0003,0.029
1.547000,0.0573,0.0317,-0.0187,0.068
1.552000,0.0209,-0.0184,-0.0280,0.039
1.557000,0.0347,0.0150,-0.0230,0.044
1.562000,-0.0012,-0.0064,-0.0110,0.013
1.567000,-0.0390,0.0176,0.0390,0.058
1.571000,-0.1334,0.0341,0.0101,0.138
1.577000,-0.1728,0.0054,-0.0042,0.173
1.581000,-0.0743,-0.0160,0.0220,0.079
1.586000,0.1843,-0.0064,-0.0138,0.185
1.591000,0.0855,-0.0063,-0.0089,0.086
1.596000,0.0100,0.0032,0.0291,0.031
1.601000,0.0812,-0.0231,-0.0281,0.089
1.610000,0.1613,-0.0064,-0.0089,0.162
1.611000,0.0962,0.0149,0.0410,0.106
1.615000,0.0409,-0.0160,-0.0115,0.045
1.620000,-0.0138,-0.0182,0.0028,0.023
1.633000,0.0034,-0.0157,0.0004,0.016
1.635000,0.0036,0.0033,0.0099,0.011
1.635000,-0.0413,-0.0204,-0.0282,0.054
1.643000,-0.0621,0.0011,0.0267,0.068
1.644000,-0.0755,0.0176,0.0217,0.081
1.650000,-0.0865,0.0270,0.0025,0.091
1.655000,-0.0663,-0.0088,0.0476,0.082
1.659000,-0.1551,0.0316,0.0282,0.161
1.664000,-0.1557,-0.0495,0.0019,0.163
1.669000,0.0635,0.0002,-0.1097,0.127
1.674000,-0.0116,0.0212,-0.0542,0.059
1.679000,0.1129,-0.0338,-0.0229,0.120
1.683000,0.2560,-0.0386,0.0176,0.259
1.688000,0.1612,0.0494,-0.0181,0.170
1.693000,-0.0106,-0.0128,-0.0179,0.024
1.698000,-0.0103,-0.0033,0.0059,0.012
1.703000,0.0090,0.0014,0.0177,0.020
1.709000,-0.0407,-0.0224,0.0010,0.047
1.713000,-0.0093,0.0181,-0.0275,0.034
1.718000,0.0169,0.0156,0.0202,0.031
1.728000,0.0097,0.0060,0.0390,0.041
1.729000,0.0237,0.0036,-0.0064,0.025
1.732000,0.0236,0.0107,-0.0016,0.026
1.757000,0.0234,-0.0036,0.0008,0.024
1.758000,0.0114,-0.0082,0.0079,0.016
1.758000,-0.0007,-0.0105,0.0102,0.015
1.759000,0.0065,-0.0294,-0.0112,0.032
1.759000,0.0350,0.0088,-0.0064,0.037
1.762000,0.0299,0.0088,-0.0064,0.032
1.766000,0.0013,-0.0079,0.0056,0.010
1.773000,-0.0056,0.0064,0.0150,0.017
1.777000,-0.0055,-0.0149,0.0101,0.019
1.781000,0.0111,0.0018,0.0100,0.015
1.786000,-0.0175,-0.0149,-0.0090,0.025
1.792000,-0.0174,-0.0148,0.0077,0.024
1.796000,0.0088,-0.0004,0.0076,0.012
1.800000,-0.0221,0.0067,0.0123,0.026
1.806000,0.0042,-0.0005,0.0051,0.007
1.811000,0.0042,0.0042,0.0098,0.011
1.816000,0.0019,0.0019,0.0073,0.008
1.821000,0.0209,-0.0005,-0.0117,0.024
1.826000,0.0113,-0.0171,0.0026,0.021
1.830000,-0.0126,-0.0217,-0.0045,0.025
1.835000,0.0017,0.0071,-0.0045,0.009
1.845000,-0.0148,0.0094,-0.0211,0.027
1.846000,-0.0552,0.0142,0.0266,0.063
1.850000,-0.0549,0.0237,-0.0021,0.060
1.854000,-0.0359,0.0141,0.0145,0.041
1.876000,-0.0123,0.0069,0.0191,0.024
1.877000,-0.0100,-0.0334,-0.0024,0.035
1.877000,-0.0455,0.0096,0.0119,0.048
1.877000,-0.0786,0.0332,-0.0191,0.087
1.887000,-0.1328,0.0259,0.0024,0.135
1.888000,-0.1864,0.0709,0.0001,0.199
1.900000,-0.2037,-0.0910,0.1282,0.257
1.900000,-0.2139,-0.0073,0.0061,0.214
1.901000,-0.0791,0.0519,-0.0295,0.099
1.903000,-0.0396,-0.2408,-0.0578,0.251
1.917000,-0.2834,0.2213,0.0827,0.369
1.918000,-0.3101,-0.1369,0.1603,0.375
1.918000,0.1432,0.2451,-0.2373,0.370
1.934000,0.0983,-0.1509,-0.0787,0.197
1.935000,0.2467,-0.0448,0.3040,0.394
1.936000,0.0519,-0.0540,0.1093,0.132
1.937000,-0.3507,0.0699,0.2650,0.445
1.951000,-0.0904,0.0588,0.3197,0.337
1.951000,0.2258,-0.0207,-0.8527,0.882
1.952000,-0.1248,-0.2273,-0.3355,0.424
1.957000,0.0934,0.1001,0.3056,0.335
1.962000,-0.0147,0.3483,0.2509,0.430
1.967000,0.1314,-0.2122,0.1800,0.308
1.991000,-0.0775,-0.2839,-0.1395,0.326
1.991000,-0.4297,0.2709,0.1403,0.527
1.992000,0.4507,0.2862,-0.1873,0.566
1.992000,0.7932,-0.0819,-0.2539,0.837
1.993000,-0.0257,-0.4641,0.2434,0.525
2.002000,0.0309,0.1739,-0.0389,0.181
2.003000,0.2846,0.1330,-0.1512,0.349
2.014000,0.2474,-0.2015,0.0522,0.323
2.015000,0.0054,-0.0031,0.0258,0.027
2.015000,-0.0288,0.0397,-0.0149,0.051
2.020000,-0.0437,-0.0034,0.0401,0.059
2.035000,0.1544,-0.0417,0.0018,0.160
2.036000,0.0533,-0.0202,-0.0221,0.061
2.036000,-0.0072,0.0084,0.0210,0.024
2.051000,-0.0166,-0.0036,0.0018,0.017
2.052000,-0.0070,-0.0180,-0.0054,0.020
2.053000,0.0196,0.0035,-0.0197,0.028
2.055000,-0.0568,0.0058,0.0233,0.062
2.087000,0.0599,0.0202,-0.0030,0.063
2.089000,0.0524,-0.0396,-0.0030,0.066
2.089000,0.0025,-0.0252,0.0042,0.026
2.090000,0.0242,0.0012,0.0138,0.028
2.092000,-0.0174,0.0133,0.0018,0.022
2.092000,-0.0065,0.0013,0.0066,0.009
2.092000,-0.0841,0.0012,0.0066,0.084
2.098000,-0.0731,0.0440,-0.0508,0.099
2.099000,-0.0218,0.0270,-0.0125,0.037
2.103000,0.1567,-0.0092,-0.0626,0.169
2.110000,0.0489,-0.0260,0.0235,0.060
2.113000,0.0723,0.0170,0.0044,0.074
2.117000,-0.0066,0.1030,-0.0889,0.136
2.123000,-0.0790,-0.0524,0.0068,0.095
2.127000,-0.0440,-0.0643,0.0450,0.090
2.132000,0.0612,0.0553,-0.0793,0.114
2.137000,0.1402,-0.0021,-0.0266,0.143
2.142000,-0.0233,0.0004,0.0308,0.039
2.147000,0.0515,-0.0354,0.0068,0.063
2.152000,0.0180,-0.0139,0.0092,0.025
2.159000,0.1112,-0.0068,-0.0243,0.114
2.162000,0.0563,0.0004,-0.0218,0.060
2.166000,0.0372,-0.0020,-0.0075,0.038
2.171000,0.0229,-0.0116,-0.0027,0.026
2.178000,0.0038,0.0123,0.0212,0.025
2.182000,0.0326,-0.0164,-0.0051,0.037
2.186000,0.0112,-0.0236,-0.0147,0.030
2.190000,0.0088,-0.0092,0.0021,0.013
2.196000,0.0325,-0.0021,-0.0098,0.034
2.201000,0.0252,0.0003,0.0021,0.025
2.206000,0.0014,-0.0140,0.0021,0.014
2.211000,0.0086,0.0028,0.0116,0.015
2.216000,-0.0102,-0.0043,0.0115,0.016
2.220000,-0.0243,0.0218,0.0161,0.036
2.225000,0.0211,0.0051,-0.0101,0.024
2.230000,-0.0028,0.0050,0.0042,0.007
2.235000,0.0116,0.0169,0.0089,0.022
2.248000,-0.0050,0.0097,-0.0101,0.015
2.250000,0.0047,0.0001,-0.0172,0.018
2.250000,0.0190,-0.0046,0.0091,0.022
2.256000,0.0118,0.0049,-0.0123,0.018
2.277000,0.0095,-0.0118,0.0139,0.021
2.277000,-0.0309,-0.0307,-0.0456,0.063
2.277000,-0.0023,-0.0067,-0.0025,0.007
2.278000,0.0072,0.0052,0.0260,0.027
2.278000,0.0213,-0.0019,-0.0145,0.026
2.283000,-0.0074,0.0195,0.0212,0.030
2.289000,0.0212,0.0052,-0.0075,0.023
2.293000,0.0091,-0.0185,-0.0335,0.039
2.298000,0.0043,0.0101,0.0095,0.015
2.303000,0.0138,-0.0160,-0.0120,0.024
2.308000,0.0138,0.0007,0.0024,0.014
2.313000,0.0232,-0.0064,-0.0095,0.026
2.318000,-0.0055,-0.0088,0.0095,0.014
2.323000,0.0063,0.0174,0.0071,0.020
2.328000,0.0086,-0.0041,-0.0072,0.012
2.334000,0.0036,-0.0113,0.0024,0.012
2.338000,-0.0084,-0.0065,-0.0143,0.018
2.343000,0.0012,-0.0160,0.0096,0.019
2.348000,0.0012,0.0149,0.0071,0.017
2.353000,0.0248,-0.0018,-0.0167,0.030
2.360000,-0.0016,-0.0065,0.0001,0.007
2.362000,0.0031,-0.0230,-0.0213,0.032
2.367000,-0.0113,-0.0134,0.0050,0.018
2.372000,0.0124,-0.0180,-0.0164,0.027
2.381000,0.0005,0.0107,0.0217,0.024
2.382000,-0.0090,-0.0322,0.0073,0.034
2.386000,-0.0041,-0.0176,0.0025,0.018
2.409000,0.0102,-0.0080,0.0025,0.013
2.410000,-0.0208,-0.0293,0.0024,0.036
2.410000,0.0127,-0.0077,-0.0071,0.016
2.410000,-0.0016,-0.0196,0.0049,0.020
2.410000,-0.0135,-0.0337,-0.0071,0.037
2.415000,0.0387,-0.0002,-0.0094,0.040
2.420000,0.0170,-0.0073,0.0050,0.019
2.425000,0.0214,0.0046,-0.0022,0.022
2.430000,0.0045,-0.0097,-0.0046,0.012
2.435000,0.0139,0.0070,0.0073,0.017
2.440000,-0.0053,-0.0002,0.0049,0.007
2.445000,0.0185,0.0046,-0.0023,0.019
2.450000,0.0110,0.0045,0.0144,0.019
2.454000,0.0132,0.0045,0.0048,0.015
2.465000,0.0106,0.0045,0.0047,0.012
2.467000,0.0035,-0.0145,-0.0095,0.018
2.469000,-0.0037,0.0142,0.0071,0.016
2.508000,0.0057,0.0071,-0.0024,0.009
2.508000,-0.0040,0.0046,0.0356,0.036
2.509000,-0.0133,-0.0096,-0.0027,0.017
2.509000,-0.0037,0.0165,-0.0027,0.017
2.509000,-0.0084,0.0093,0.0068,0.014
2.509000,0.0177,-0.0074,0.0163,0.025
2.510000,0.0056,0.0045,0.0185,0.020
2.510000,-0.0206,-0.0264,-0.0077,0.034
2.513000,-0.0014,-0.0024,0.0113,0.012
2.518000,0.0105,-0.0119,-0.0101,0.019
2.523000,-0.0063,0.0048,0.0161,0.018
2.527000,0.0080,-0.0190,-0.0363,0.042
2.533000,-0.0063,-0.0188,0.0162,0.026
2.537000,0.0080,0.0052,-0.0029,0.010
2.542000,-0.0110,0.0170,0.0185,0.027
2.547000,0.0058,0.0002,-0.0101,0.012
2.552000,0.0058,-0.0093,0.0065,0.013
2.556000,0.0153,-0.0020,-0.0054,0.016
2.562000,0.0104,-0.0092,0.0065,0.015
2.567000,0.0222,-0.0020,-0.0078,0.024
2.572000,0.0290,0.0242,0.0018,0.038
2.584000,0.0026,-0.0093,-0.0124,0.016
2.585000,0.0309,0.0193,-0.0005,0.036
2.586000,0.0186,0.0073,0.0494,0.053
2.629000,0.0065,0.0191,0.0039,0.021
2.630000,-0.0032,0.0095,0.0109,0.015
2.630000,0.0109,0.0165,0.0014,0.020
2.630000,-0.0108,0.0212,0.0037,0.024
2.631000,-0.0133,0.0138,0.0203,0.028
2.631000,0.0026,0.0090,0.0154,0.018
2.631000,-0.0026,0.0160,0.0176,0.024
2.631000,0.0021,-0.0245,-0.0110,0.027
2.632000,-0.0004,0.0113,0.0057,0.013
2.635000,-0.0028,-0.0149,-0.0157,0.022
2.639000,0.0067,-0.0054,0.0106,0.014
2.645000,0.0113,-0.0053,-0.0014,0.013
2.649000,-0.0101,0.0043,0.0152,0.019
2.654000,-0.0124,0.0090,-0.0110,0.019
2.659000,0.0043,-0.0123,0.0010,0.013
2.664000,-0.0168,0.0044,0.0223,0.028
2.669000,0.0026,0.0138,0.0150,0.021
2.674000,0.0602,0.0113,-0.0136,0.063
2.679000,-0.0287,-0.0056,0.0221,0.037
2.684000,-0.0578,0.0086,0.0480,0.076
2.689000,0.0471,0.0015,-0.0070,0.048
2.701000,-0.0124,-0.0223,0.0049,0.026
2.702000,0.0046,-0.0174,-0.0022,0.018
2.703000,0.0023,-0.0102,-0.0117,0.016
2.708000,-0.0119,0.0041,-0.0116,0.017
2.749000,0.0000,-0.0173,0.0027,0.018
2.750000,-0.0142,-0.0338,-0.0020,0.037
2.750000,0.0239,0.0187,-0.0091,0.032
2.751000,-0.0166,-0.0099,-0.0162,0.025
2.751000,-0.0044,0.0235,0.0148,0.028
2.751000,-0.0019,0.0209,0.0170,0.027
2.752000,0.0266,0.0159,-0.0163,0.035
2.752000,0.0026,0.0205,-0.0019,0.021
2.752000,-0.0069,0.0156,0.0028,0.017
2.757000,0.0027,0.0013,0.0242,0.024
2.762000,-0.0162,-0.0154,-0.0283,0.036
2.767000,0.0006,0.0156,0.0123,0.020
2.771000,0.0030,-0.0226,0.0004,0.023
2.777000,-0.0159,-0.0106,-0.0353,0.040
2.781000,-0.0063,-0.0271,0.0006,0.028
2.786000,0.0222,0.0135,-0.0041,0.026
2.791000,-0.0064,-0.0151,0.0031,0.017
2.796000,0.0174,-0.0291,-0.0231,0.041
2.801000,0.0055,-0.0241,-0.0158,0.029
2.806000,-0.0041,0.0093,-0.0417,0.043
2.815000,0.0053,-0.0098,0.0132,0.017
2.816000,-0.0137,0.0139,0.0131,0.024
2.820000,-0.0018,0.0043,0.0035,0.006
2.848000,-0.0017,-0.0218,-0.0179,0.028
2.849000,-0.0065,0.0140,0.0083,0.018
2.850000,0.0078,-0.0098,-0.0012,0.013
2.850000,0.0172,-0.0027,-0.0036,0.018
2.850000,-0.0019,-0.0122,0.0249,0.028
2.850000,-0.0020,-0.0074,0.0081,0.011
2.855000,-0.0140,-0.0003,0.0033,0.014
2.860000,0.0076,-0.0074,-0.0086,0.014
2.864000,-0.0138,0.0164,0.0152,0.026
2.870000,0.0100,-0.0123,0.0174,0.024
2.874000,-0.0090,-0.0075,-0.0230,0.026
2.879000,-0.0018,-0.0074,-0.0371,0.038
2.884000,-0.0041,0.0070,0.0059,0.010
2.888000,0.0006,0.0092,-0.0012,0.009
2.893000,-0.0017,-0.0098,-0.0036,0.011
2.899000,-0.0040,-0.0264,-0.0178,0.032
2.903000,0.0245,-0.0048,-0.0177,0.031
2.908000,-0.0113,-0.0143,-0.0128,0.022
2.913000,0.0126,0.0118,-0.0008,0.017
2.918000,-0.0042,0.0163,0.0040,0.017
2.923000,0.0101,-0.0052,-0.0056,0.013
2.932000,0.0053,0.0256,-0.0008,0.026
2.933000,0.0030,0.0065,0.0087,0.011
2.940000,0.0030,0.0017,0.0324,0.033
2.942000,-0.0136,0.0158,0.0155,0.026
2.968000,0.0268,0.0157,-0.0060,0.032
2.969000,-0.0017,0.0061,0.0036,0.007
2.969000,-0.0088,-0.0151,-0.0131,0.022
2.970000,0.0199,-0.0173,-0.0082,0.028
2.970000,-0.0063,0.0256,0.0108,0.028
2.971000,-0.0157,-0.0008,-0.0059,0.017
2.978000,-0.0085,-0.0223,-0.0177,0.030
2.981000,0.0080,-0.0078,-0.0033,0.012
2.986000,-0.0015,0.0017,0.0181,0.018
2.990000,0.0127,0.0017,-0.0105,0.017
2.996000,0.0079,-0.0126,0.0014,0.015
3.000000,0.0078,0.0136,0.0299,0.034
3.005000,0.0053,0.0135,0.0154,0.021
3.014000,0.0124,-0.0009,-0.0037,0.013
3.016000,0.0052,-0.0127,0.0034,0.014
3.020000,-0.0115,-0.0292,0.0129,0.034
3.024000,0.0075,0.0162,0.0056,0.019
3.043000,-0.0020,-0.0028,0.0270,0.027
3.044000,-0.0091,-0.0075,0.0101,0.016
3.044000,-0.0114,0.0092,-0.0279,0.032
3.045000,0.0124,-0.0099,0.0032,0.016
3.049000,0.0147,-0.0026,0.0008,0.015
3.054000,-0.0186,-0.0215,-0.0253,0.038
3.059000,0.0029,-0.0024,0.0176,0.018
3.064000,-0.0114,-0.0332,-0.0205,0.041
3.069000,0.0385,0.0050,-0.0061,0.039
3.073000,0.0050,0.0050,0.0105,0.013
3.080000,-0.0046,-0.0117,-0.0109,0.017
3.084000,-0.0259,-0.0234,-0.0156,0.038
3.088000,0.0004,-0.0066,-0.0107,0.013
3.095000,-0.0137,0.0006,0.0131,0.019
3.099000,0.0007,-0.0160,-0.0036,0.016
3.103000,-0.0137,0.0126,0.0083,0.020
3.108000,-0.0041,-0.0136,0.0059,0.015
3.113000,0.0031,0.0126,-0.0037,0.013
3.120000,0.0078,-0.0113,-0.0060,0.015
3.122000,0.0266,0.0054,0.0083,0.028
3.135000,0.0026,-0.0017,-0.0108,0.011
3.139000,0.0050,0.0078,0.0107,0.014
3.141000,0.0026,0.0124,-0.0037,0.013
3.142000,0.0097,-0.0020,0.0035,0.011
3.163000,0.0215,-0.0019,0.0011,0.022
3.163000,0.0096,-0.0232,-0.0203,0.032
3.164000,-0.0142,-0.0017,0.0036,0.015
3.164000,0.0049,-0.0064,0.0178,0.020
3.166000,0.0143,0.0031,0.0011,0.015
3.171000,-0.0071,-0.0159,0.0082,0.019
3.176000,-0.0071,-0.0063,-0.0322,0.034
3.181000,-0.0190,-0.0157,-0.0154,0.029
3.185000,-0.0212,-0.0132,0.0109,0.027
3.190000,0.0170,-0.0012,-0.0035,0.017
3.195000,-0.0022,-0.0130,-0.0105,0.017
3.200000,-0.0069,0.0156,-0.0010,0.017
3.205000,0.0240,0.0013,-0.0033,0.024
3.211000,0.0095,-0.0035,0.0014,0.010
3.215000,0.0024,-0.0130,-0.0009,0.013
3.220000,0.0095,0.0014,0.0062,0.011
3.224000,-0.0117,0.0015,0.0014,0.012
3.229000,0.0050,-0.0080,0.0014,0.010
3.234000,0.0168,-0.0174,-0.0034,0.024
3.240000,0.0166,0.0112,-0.0010,0.020
3.253000,0.0022,0.0324,-0.0034,0.033
3.254000,-0.0002,-0.0083,-0.0176,0.019
3.255000,0.0211,0.0036,-0.0174,0.028
3.260000,-0.0028,0.0060,0.0017,0.007
3.293000,0.0066,0.0249,-0.0030,0.026
3.294000,-0.0029,-0.0179,-0.0030,0.018
3.295000,0.0089,0.0227,0.0041,0.025
3.295000,0.0088,0.0011,-0.0054,0.010
3.296000,0.0064,0.0011,0.0041,0.008
3.296000,0.0159,0.0153,0.0397,0.045
3.296000,-0.0033,0.0247,0.0156,0.029
3.298000,0.0063,0.0198,0.0013,0.021
3.303000,0.0133,-0.0111,-0.0154,0.023
3.307000,-0.0058,-0.0157,-0.0010,0.017
3.313000,-0.0106,-0.0156,-0.0081,0.021
3.318000,0.0036,-0.0062,0.0038,0.008
3.322000,0.0012,-0.0085,0.0157,0.018
3.329000,-0.0130,0.0035,0.0203,0.024
3.333000,-0.0154,0.0034,0.0106,0.019
3.337000,-0.0011,0.0153,0.0129,0.020
3.342000,0.0085,-0.0110,0.0009,0.014
3.348000,0.0083,-0.0085,-0.0014,0.012
3.353000,0.0105,-0.0227,0.0057,0.026
3.357000,-0.0134,-0.0154,-0.0228,0.031
3.372000,0.0033,0.0085,0.0011,0.009
3.373000,-0.0158,-0.0035,0.0224,0.028
3.373000,-0.0110,-0.0154,-0.0228,0.030
3.376000,0.0152,-0.0058,-0.0037,0.017
3.412000,0.0080,-0.0010,0.0035,0.009
3.412000,0.0055,-0.0010,0.0035,0.007
3.413000,-0.0016,-0.0034,-0.0013,0.004
3.413000,0.0009,-0.0129,-0.0108,0.017
3.413000,-0.0134,0.0039,0.0154,0.021
3.413000,-0.0108,-0.0104,0.0058,0.016
3.414000,0.0084,-0.0031,0.0081,0.012
3.416000,-0.0012,0.0136,0.0009,0.014
3.420000,0.0013,-0.0078,0.0056,0.010
3.425000,-0.0081,0.0088,0.0222,0.025
3.430000,0.0157,-0.0363,-0.0183,0.044
3.435000,-0.0034,-0.0288,-0.0182,0.034
3.440000,-0.0104,-0.0025,0.0105,0.015
3.445000,-0.0008,-0.0001,0.0080,0.008
3.449000,0.0039,-0.0119,-0.0182,0.022
3.454000,0.0062,0.0023,0.0057,0.009
3.459000,-0.0079,0.0023,0.0152,0.017
3.465000,0.0110,-0.0096,-0.0087,0.017
3.470000,-0.0127,-0.0167,0.0104,0.023
3.474000,-0.0127,-0.0071,0.0008,0.015
3.487000,-0.0173,0.0071,0.0126,0.023
3.488000,0.0017,-0.0143,-0.0041,0.015
3.489000,0.0112,0.0121,-0.0135,0.021
3.493000,-0.0102,0.0120,0.0245,0.029
3.529000,0.0160,-0.0024,-0.0065,0.017
3.529000,0.0040,-0.0213,-0.0065,0.023
3.530000,0.0109,-0.0069,-0.0040,0.014
3.530000,0.0204,-0.0021,-0.0040,0.021
3.530000,0.0035,-0.0116,0.0008,0.012
3.531000,-0.0012,0.0050,-0.0040,0.007
3.531000,0.0107,0.0025,0.0222,0.025
3.531000,-0.0084,0.0214,0.0006,0.023
3.537000,0.0129,-0.0001,-0.0018,0.013
3.542000,0.0008,0.0023,0.0078,0.008
3.546000,-0.0111,0.0047,-0.0018,0.012
3.552000,0.0174,0.0094,0.0030,0.020
3.556000,-0.0181,0.0046,0.0219,0.029
3.571000,0.0057,0.0022,0.0051,0.008
3.572000,0.0199,0.0046,-0.0210,0.029
3.573000,0.0127,-0.0002,0.0053,0.014
3.576000,-0.0063,-0.0145,0.0076,0.017
3.611000,-0.0038,-0.0119,-0.0162,0.020
3.612000,-0.0013,-0.0070,-0.0303,0.031
3.612000,0.0035,-0.0212,-0.0134,0.025
3.612000,-0.0014,-0.0092,-0.0015,0.009
3.613000,-0.0038,-0.0044,0.0033,0.007
3.613000,0.0104,-0.0019,0.0151,0.018
3.613000,-0.0062,-0.0042,-0.0253,0.026
3.615000,0.0105,-0.0042,0.0010,0.011
3.620000,0.0032,0.0267,0.0152,0.031
3.625000,-0.0087,0.0146,0.0174,0.024
3.630000,-0.0063,-0.0093,-0.0088,0.014
3.634000,0.0128,-0.0187,-0.0348,0.042
3.640000,0.0103,-0.0092,0.0082,0.016
3.644000,0.0031,0.0123,-0.0014,0.013
3.650000,-0.0137,0.0168,-0.0014,0.022
3.655000,-0.0111,0.0024,0.0153,0.019
3.659000,0.0128,-0.0071,-0.0039,0.015
3.666000,0.0056,0.0215,0.0104,0.025
3.669000,-0.0111,-0.0213,-0.0158,0.029
3.674000,-0.0205,-0.0021,-0.0299,0.036
3.684000,-0.0084,0.0145,0.0155,0.023
3.685000,-0.0013,-0.0284,-0.0132,0.031
3.689000,0.0036,0.0003,-0.0107,0.011
3.693000,-0.0035,-0.0092,-0.0153,0.018
3.712000,-0.0152,-0.0090,0.0014,0.018
3.713000,0.0062,-0.0018,-0.0081,0.010
3.713000,-0.0129,-0.0136,-0.0199,0.027
3.714000,0.0110,-0.0040,-0.0031,0.012
3.717000,-0.0294,0.0056,0.0111,0.032
3.722000,-0.0126,0.0174,0.0158,0.027
3.727000,-0.0244,-0.0207,-0.0104,0.034
3.732000,-0.0076,0.0031,-0.0080,0.011
3.737000,-0.0123,-0.0088,-0.0174,0.023
3.741000,-0.0217,0.0078,0.0112,0.026
3.747000,0.0117,0.0101,0.0159,0.022
3.752000,-0.0239,0.0195,0.0015,0.031
3.756000,-0.0165,-0.0139,-0.0056,0.022
3.761000,0.0075,-0.0065,0.0039,0.011
3.767000,0.0075,0.0078,0.0039,0.011
3.772000,-0.0139,-0.0017,-0.0175,0.022
3.776000,0.0122,-0.0041,-0.0174,0.022
3.790000,0.0073,-0.0041,0.0018,0.009
3.791000,0.0144,0.0030,0.0017,0.015
3.791000,0.0024,0.0006,0.0112,0.011
3.821000,-0.0143,0.0171,-0.0007,0.022
3.822000,-0.0095,-0.0093,-0.0150,0.020
3.822000,-0.0141,0.0003,0.0041,0.015
3.823000,0.0002,-0.0258,-0.0315,0.041
3.823000,0.0025,-0.0113,0.0139,0.018
3.823000,0.0049,0.0078,0.0114,0.015
3.825000,0.0191,-0.0159,-0.0196,0.032
3.832000,-0.0309,-0.0372,0.0138,0.050
3.835000,-0.0163,-0.0250,-0.0195,0.036
3.839000,-0.0090,-0.0153,-0.0360,0.040
3.844000,-0.0090,0.0228,0.0189,0.031
3.849000,0.0006,-0.0034,0.0021,0.004
3.854000,-0.0017,-0.0176,-0.0240,0.030
3.859000,0.0055,0.0110,0.0094,0.016
3.864000,0.0244,0.0015,-0.0144,0.028
3.869000,0.0146,0.0062,-0.0071,0.017
3.873000,0.0028,-0.0009,0.0000,0.003
3.879000,-0.0209,0.0134,0.0238,0.034
3.883000,-0.0255,-0.0058,0.0093,0.028
3.888000,0.0104,-0.0081,0.0116,0.018
3.893000,0.0055,0.0157,0.0068,0.018
3.903000,0.0055,-0.0106,-0.0051,0.013
3.904000,0.0006,0.0132,-0.0051,0.014
3.908000,0.0125,0.0155,0.0021,0.020
3.913000,0.0195,-0.0060,-0.0098,0.023
3.935000,0.0218,-0.0011,-0.0050,0.022
3.936000,0.0168,0.0179,-0.0121,0.027
3.936000,0.0073,-0.0108,-0.0286,0.031
3.936000,0.0073,-0.0108,-0.0188,0.023
3.937000,-0.0001,-0.0012,0.0027,0.003
3.942000,0.0214,0.0036,0.0027,0.022
3.947000,-0.0122,0.0249,0.0216,0.035
3.951000,-0.0073,-0.0085,-0.0047,0.012
3.956000,0.0164,0.0057,0.0049,0.018
3.961000,-0.0099,-0.0156,-0.0165,0.025
3.965000,0.0116,0.0249,0.0073,0.028
3.970000,-0.0264,-0.0038,0.0191,0.033
3.975000,-0.0096,0.0081,0.0213,0.025
3.980000,0.0189,0.0080,0.0069,0.022
3.985000,-0.0097,0.0032,0.0164,0.019
3.990000,-0.0002,-0.0230,-0.0170,0.029
3.995000,0.0140,0.0033,0.0021,0.015
4.000000,-0.0145,0.0033,0.0116,0.019
4.004000,-0.0145,-0.0133,-0.0122,0.023
4.009000,-0.0191,0.0035,-0.0192,0.027
4.019000,0.0095,-0.0155,-0.0238,0.030
4.026000,-0.0143,0.0060,0.0215,0.026
4.026000,0.0048,-0.0060,-0.0072,0.011
4.029000,0.0237,-0.0036,0.0024,0.024
4.052000,0.0188,0.0084,0.0024,0.021
4.052000,0.0019,0.0060,0.0094,0.011
4.053000,-0.0004,-0.0130,-0.0096,0.016
4.053000,-0.0051,0.0108,0.0118,0.017
4.054000,-0.0146,-0.0202,-0.0144,0.029
4.058000,-0.0073,0.0132,0.0166,0.022
4.064000,-0.0145,0.0130,0.0188,0.027
4.068000,-0.0025,-0.0084,-0.0146,0.017
4.072000,0.0023,-0.0036,0.0140,0.015
4.077000,-0.0191,0.0248,0.0116,0.033
4.084000,-0.0118,-0.0038,-0.0028,0.013
4.087000,0.0048,0.0034,-0.0051,0.008
4.092000,0.0167,0.0247,0.0163,0.034
4.098000,-0.0166,-0.0182,-0.0076,0.026
4.102000,0.0096,-0.0038,-0.0170,0.020
4.106000,0.0001,-0.0109,-0.0026,0.011
4.111000,0.0073,-0.0179,-0.0121,0.023
4.118000,0.0144,0.0083,0.0093,0.019
4.125000,0.0000,-0.0084,-0.0026,0.009
4.129000,-0.0143,-0.0107,-0.0002,0.018
4.152000,0.0048,0.0107,0.0164,0.020
4.153000,0.0025,0.0012,-0.0122,0.012
4.153000,0.0048,-0.0107,-0.0145,0.019
4.153000,-0.0212,0.0202,0.0165,0.034
4.154000,-0.0164,-0.0013,-0.0026,0.017
4.156000,-0.0139,-0.0227,-0.0097,0.028
4.161000,0.0147,-0.0011,-0.0001,0.015
4.166000,0.0146,-0.0058,-0.0073,0.017
4.171000,0.0217,0.0156,-0.0143,0.030
4.175000,0.0073,0.0274,0.0048,0.029
4.181000,-0.0072,0.0294,0.0024,0.030
4.185000,-0.0213,-0.0231,-0.0214,0.038
4.189000,-0.0283,0.0079,0.0049,0.030
4.194000,0.0051,-0.0040,0.0049,0.008
4.202000,-0.0044,-0.0017,0.0024,0.005
4.204000,0.0074,-0.0136,0.0000,0.015
4.209000,0.0122,-0.0111,0.0143,0.022
4.216000,0.0074,-0.0038,0.0213,0.023
4.219000,-0.0116,0.0056,0.0164,0.021
4.224000,0.0028,-0.0015,-0.0099,0.010
4.229000,-0.0044,0.0127,0.0044,0.014
4.235000,-0.0115,-0.0135,-0.0051,0.018
4.238000,-0.0044,0.0009,-0.0169,0.017
4.243000,0.0146,-0.0039,-0.0168,0.023
4.259000,-0.0235,-0.0133,-0.0309,0.041
4.260000,-0.0089,0.0081,-0.0021,0.012
4.261000,0.0125,0.0080,-0.0069,0.016
4.263000,0.0100,-0.0016,0.0146,0.018
4.269000,0.0124,0.0126,0.0049,0.018
4.272000,0.0169,-0.0017,0.0002,0.017
4.277000,0.0073,-0.0183,0.0096,0.022
4.284000,0.0119,0.0128,0.0190,0.026
4.287000,0.0024,-0.0133,-0.0072,0.015
4.292000,-0.0072,0.0129,0.0118,0.019
4.297000,0.0094,-0.0013,-0.0025,0.010
4.302000,0.0117,0.0058,0.0046,0.014
4.307000,0.0093,0.0010,-0.0096,0.013
4.311000,-0.0026,0.0081,-0.0191,0.021
4.317000,0.0045,-0.0323,-0.0308,0.045
4.321000,0.0114,-0.0297,-0.0163,0.036
4.326000,-0.0006,0.0299,0.0100,0.031
4.335000,-0.0053,-0.0179,-0.0091,0.021
4.336000,0.0208,-0.0058,-0.0161,0.027
4.342000,-0.0006,-0.0034,0.0077,0.008
4.345000,0.0161,-0.0057,-0.0089,0.019
4.363000,0.0159,0.0277,0.0030,0.032
4.365000,-0.0128,0.0061,-0.0160,0.021
4.366000,-0.0174,0.0060,0.0007,0.018
4.366000,-0.0149,-0.0154,0.0078,0.023
4.370000,0.0137,-0.0033,0.0007,0.014
4.375000,-0.0102,0.0229,0.0196,0.032
4.380000,0.0018,-0.0106,0.0052,0.012
4.385000,0.0136,-0.0176,-0.0256,0.034
4.389000,-0.0150,-0.0127,-0.0017,0.020
4.394000,-0.0005,-0.0031,0.0125,0.013
4.400000,0.0160,-0.0032,-0.0089,0.019
4.404000,-0.0007,0.0183,0.0173,0.025
4.409000,0.0041,-0.0009,-0.0042,0.006
4.414000,-0.0079,0.0062,0.0029,0.010
4.419000,0.0255,-0.0033,-0.0113,0.028
4.424000,-0.0127,0.0205,0.0220,0.033
4.428000,0.0040,-0.0082,0.0028,0.010
4.433000,0.0039,-0.0058,-0.0091,0.011
4.438000,-0.0056,-0.0152,-0.0185,0.025
4.443000,-0.0104,-0.0151,-0.0160,0.024
4.453000,0.0109,-0.0031,0.0055,0.013
4.454000,-0.0058,-0.0292,-0.0206,0.036
4.458000,0.0107,-0.0028,-0.0039,0.012
4.463000,0.0105,0.0042,0.0152,0.019
4.478000,0.0129,-0.0195,-0.0324,0.040
4.478000,0.0010,-0.0027,0.0129,0.013
4.479000,0.0034,0.0140,0.0271,0.031
4.488000,-0.0037,0.0044,0.0102,0.012
4.488000,-0.0014,-0.0052,-0.0041,0.007
4.492000,0.0010,-0.0123,0.0031,0.013
4.497000,0.0082,-0.0098,-0.0065,0.014
4.502000,-0.0225,-0.0381,0.0007,0.044
4.507000,0.0015,-0.0069,-0.0064,0.010
4.512000,0.0014,0.0145,0.0055,0.016
4.517000,0.0015,0.0215,-0.0278,0.035
4.523000,0.0110,-0.0025,-0.0180,0.021
4.527000,-0.0198,-0.0167,-0.0155,0.030
4.534000,-0.0220,-0.0119,-0.0012,0.025
4.537000,0.0066,0.0072,-0.0011,0.010
4.542000,-0.0029,0.0071,0.0131,0.015
4.547000,0.0257,0.0142,-0.0060,0.030
4.552000,-0.0031,0.0260,0.0225,0.035
4.557000,-0.0007,0.0115,-0.0085,0.014
4.561000,-0.0079,-0.0053,-0.0061,0.011
4.575000,0.0065,-0.0172,0.0059,0.019
4.576000,0.0111,-0.0004,0.0106,0.015
4.577000,0.0205,0.0068,-0.0109,0.024
4.581000,-0.0200,0.0067,0.0153,0.026
4.614000,-0.0055,0.0233,0.0199,0.031
4.615000,0.0088,-0.0078,-0.0040,0.012
4.615000,-0.0341,-0.0078,-0.0205,0.041
4.616000,-0.0219,0.0017,-0.0133,0.026
4.616000,-0.0050,0.0042,0.0035,0.007
4.616000,-0.0002,0.0019,0.0034,0.004
4.617000,-0.0026,-0.0052,0.0034,0.007
4.620000,-0.0166,-0.0265,-0.0227,0.039
4.624000,-0.0166,-0.0263,-0.0083,0.032
4.629000,0.0001,-0.0023,0.0131,0.013
4.635000,-0.0071,-0.0094,-0.0107,0.016
4.640000,-0.0023,-0.0164,0.0012,0.017
4.644000,-0.0188,-0.0044,0.0083,0.021
4.650000,-0.0021,-0.0044,-0.0060,0.008
4.654000,-0.0165,-0.0162,0.0060,0.024
4.659000,0.0122,-0.0279,-0.0249,0.039
4.663000,0.0026,-0.0014,0.0014,0.003
4.669000,0.0073,0.0223,0.0156,0.028
4.673000,0.0119,-0.0064,-0.0059,0.015
4.678000,0.0166,0.0198,0.0464,0.053
4.694000,0.0021,-0.0017,0.0009,0.003
4.695000,-0.0004,0.0055,0.0246,0.025
4.697000,0.0020,0.0102,0.0434,0.045
4.699000,-0.0004,-0.0065,-0.0044,0.008
4.735000,-0.0075,-0.0064,-0.0044,0.011
4.736000,0.0116,-0.0088,0.0004,0.015
4.737000,0.0042,-0.0017,-0.0067,0.008
4.737000,-0.0102,0.0030,0.0337,0.035
4.738000,0.0090,0.0054,0.0073,0.013
4.738000,0.0089,0.0077,-0.0023,0.012
4.739000,-0.0007,-0.0043,-0.0117,0.013
4.739000,0.0015,0.0123,0.0145,0.019
4.741000,0.0133,-0.0069,-0.0023,0.015
4.747000,0.0061,0.0241,0.0025,0.025
4.751000,-0.0034,0.0002,-0.0189,0.019
4.756000,0.0060,0.0144,-0.0045,0.016
4.761000,-0.0106,-0.0189,-0.0021,0.022
4.772000,0.0110,0.0145,-0.0021,0.018
4.773000,-0.0103,0.0287,0.0003,0.031
4.776000,0.0064,0.0000,0.0074,0.010
4.781000,0.0112,-0.0118,-0.0021,0.016
4.806000,0.0111,-0.0116,-0.0068,0.017
4.807000,-0.0056,0.0075,0.0075,0.012
4.807000,0.0087,0.0051,0.0050,0.011
4.807000,0.0064,0.0076,-0.0021,0.010
4.808000,0.0253,0.0243,-0.0021,0.035
4.810000,-0.0011,-0.0091,-0.0069,0.011
4.814000,-0.0057,0.0005,-0.0092,0.011
4.820000,-0.0318,0.0053,0.0123,0.035
4.825000,-0.0102,0.0053,-0.0068,0.013
4.829000,0.0044,-0.0018,0.0027,0.005
4.834000,0.0067,0.0102,0.0003,0.012
4.839000,0.0067,0.0005,0.0051,0.008
4.844000,0.0045,-0.0019,0.0003,0.005
4.849000,0.0188,0.0054,-0.0045,0.020
4.854000,-0.0074,-0.0184,0.0051,0.021
4.859000,-0.0050,-0.0183,-0.0140,0.024
4.864000,-0.0096,-0.0229,-0.0162,0.030
4.869000,0.0094,-0.0109,-0.0066,0.016
4.874000,-0.0003,-0.0084,-0.0042,0.009
4.879000,0.0044,-0.0035,-0.0089,0.010
4.883000,-0.0075,-0.0010,0.0102,0.013
4.894000,0.0163,0.0084,0.0030,0.019
4.895000,0.0115,0.0202,0.0030,0.023
4.900000,0.0304,0.0082,-0.0160,0.035
4.932000,0.0065,0.0012,-0.0017,0.007
4.933000,-0.0196,0.0036,0.0102,0.022
4.933000,0.0067,-0.0035,-0.0017,0.008
4.934000,-0.0052,-0.0105,0.0054,0.013
4.934000,0.0044,-0.0199,-0.0136,0.025
4.934000,-0.0028,-0.0055,0.0055,0.008
4.935000,-0.0551,0.0134,0.0268,0.063
4.937000,0.0188,-0.0057,-0.0138,0.024
4.942000,-0.0098,0.0062,0.0148,0.019
4.946000,0.0046,0.0109,0.0075,0.014
4.951000,0.0046,0.0014,0.0051,0.007
4.956000,-0.0168,-0.0177,0.0169,0.030
4.961000,-0.0142,-0.0104,0.0073,0.019
4.966000,0.0144,-0.0009,-0.0022,0.015
4.971000,0.0072,0.0253,0.0191,0.032
4.976000,0.0071,-0.0058,-0.0000,0.009
4.981000,0.0118,-0.0009,-0.0214,0.024
4.993000,0.0023,-0.0128,0.0073,0.015
4.995000,-0.0000,-0.0056,0.0049,0.007
4.996000,-0.0072,0.0324,0.0001,0.033
5.033000,0.0048,-0.0011,-0.0166,0.017
5.034000,0.0001,-0.0130,-0.0046,0.014
5.034000,-0.0261,-0.0058,0.0169,0.032
5.035000,-0.0211,-0.0010,-0.0047,0.022
5.035000,0.0029,0.0014,0.0072,0.008
5.035000,0.0029,-0.0010,0.0048,0.006
5.036000,-0.0090,-0.0058,-0.0047,0.012
5.036000,0.0030,-0.0057,0.0001,0.006
5.039000,0.0077,0.0039,0.0048,0.010
5.044000,-0.0018,-0.0009,0.0095,0.010
5.049000,0.0029,-0.0222,0.0023,0.023
5.054000,0.0124,-0.0030,0.0213,0.025
5.059000,-0.0019,-0.0054,0.0069,0.009
5.063000,-0.0019,0.0136,-0.0098,0.017
5.069000,0.0005,0.0063,0.0045,0.008
5.074000,0.0005,-0.0055,-0.0192,0.020
5.078000,-0.0066,-0.0008,-0.0049,0.008
5.083000,-0.0065,-0.0031,0.0023,0.008
5.089000,-0.0088,-0.0101,-0.0096,0.016
5.093000,0.0245,-0.0100,0.0048,0.027
5.098000,-0.0042,0.0186,-0.0024,0.019
5.110000,-0.0254,0.0113,0.0118,0.030
5.111000,-0.0063,0.0278,0.0070,0.029
5.113000,-0.0062,-0.0057,0.0046,0.010
5.118000,-0.0013,-0.0009,-0.0026,0.003
5.140000,0.0296,0.0252,0.0306,0.050
5.141000,0.0034,0.0178,-0.0028,0.018
5.141000,-0.0038,-0.0227,-0.0123,0.026
5.141000,0.0177,-0.0107,-0.0288,0.035
5.141000,-0.0014,-0.0082,-0.0025,0.009
5.146000,-0.0060,-0.0058,0.0118,0.014
5.151000,0.0083,-0.0034,-0.0144,0.017
5.156000,0.0059,0.0179,0.0094,0.021
5.161000,0.0012,-0.0061,-0.0120,0.013
5.166000,0.0059,-0.0108,-0.0119,0.017
5.171000,-0.0060,0.0011,0.0048,0.008
5.176000,0.0107,0.0011,0.0024,0.011
5.181000,-0.0013,-0.0084,-0.0118,0.015
5.186000,-0.0013,-0.0154,-0.0165,0.023
5.191000,-0.0108,0.0083,0.0026,0.014
5.195000,0.0084,0.0177,0.0192,0.027
5.200000,0.0132,-0.0134,0.0096,0.021
5.207000,-0.0061,-0.0322,-0.0000,0.033
5.213000,-0.0013,-0.0082,-0.0119,0.015
5.214000,0.0083,0.0369,0.0119,0.040
5.232000,-0.0013,-0.0014,-0.0024,0.003
5.233000,0.0130,0.0034,-0.0095,0.016
5.233000,-0.0013,-0.0086,-0.0047,0.010
5.234000,0.0012,-0.0180,-0.0236,0.030
5.242000,-0.0036,0.0058,0.0003,0.007
5.244000,0.0036,0.0105,0.0074,0.013
5.249000,0.0035,-0.0038,0.0097,0.011
5.254000,-0.0133,-0.0132,-0.0141,0.023
5.258000,0.0249,0.0011,0.0003,0.025
5.264000,-0.0087,0.0226,0.0216,0.032
5.269000,-0.0157,-0.0132,-0.0094,0.023
5.273000,0.0056,0.0035,0.0097,0.012
5.278000,0.0105,0.0106,-0.0118,0.019
5.282000,0.0057,0.0152,0.0002,0.016
5.288000,0.0009,-0.0040,0.0050,0.006
5.293000,0.0057,0.0103,0.0049,0.013
5.297000,0.0009,-0.0112,-0.0141,0.018
5.304000,0.0032,-0.0016,-0.0140,0.014
5.309000,0.0057,-0.0111,-0.0091,0.015
5.313000,0.0057,-0.0205,-0.0352,0.041
5.318000,0.0199,0.0034,0.0150,0.025
5.323000,0.0030,0.0199,0.0101,0.023
5.328000,0.0054,-0.0016,0.0005,0.006
5.332000,-0.0017,0.0175,0.0076,0.019
5.345000,0.0079,-0.0182,0.0076,0.021
5.346000,0.0126,-0.0109,0.0194,0.026
5.347000,-0.0065,-0.0084,0.0097,0.014
5.352000,0.0076,-0.0060,-0.0117,0.015
5.379000,-0.0067,-0.0059,-0.0093,0.013
5.380000,0.0171,0.0037,0.0074,0.019
5.380000,0.0051,-0.0272,-0.0069,0.029
5.380000,-0.0139,0.0085,0.0051,0.017
5.381000,0.0027,0.0061,0.0216,0.023
5.381000,0.0122,0.0013,0.0120,0.017
5.390000,0.0239,-0.0106,-0.0142,0.030
5.391000,-0.0024,-0.0058,0.0049,0.008
5.395000,0.0165,0.0060,0.0024,0.018
5.400000,-0.0170,0.0296,0.0143,0.037
5.405000,-0.0146,-0.0277,-0.0262,0.041
5.410000,0.0140,0.0010,-0.0046,0.015
5.414000,-0.0168,-0.0013,-0.0117,0.021
5.424000,0.0143,0.0177,0.0359,0.042
5.425000,-0.0000,0.0104,0.0142,0.018
5.429000,0.0046,-0.0111,-0.0096,0.015
5.434000,-0.0027,-0.0063,-0.0238,0.025
5.450000,-0.0028,-0.0039,-0.0022,0.005
5.451000,-0.0122,0.0127,0.0073,0.019
5.451000,0.0045,-0.0088,0.0049,0.011
5.460000,0.0305,0.0030,-0.0023,0.031
5.460000,-0.0029,0.0244,-0.0260,0.036
5.464000,0.0066,-0.0019,-0.0116,0.013
5.468000,0.0254,0.0029,-0.0115,0.028
5.473000,0.0038,-0.0090,-0.0019,0.010
5.478000,0.0110,-0.0042,-0.0042,0.013
5.483000,-0.0007,0.0007,-0.0042,0.004
5.488000,0.0042,-0.0041,-0.0018,0.006
5.493000,-0.0101,-0.0017,-0.0113,0.015
5.498000,0.0186,-0.0160,-0.0302,0.039
5.505000,-0.0242,0.0198,0.0175,0.036
5.508000,-0.0096,0.0053,0.0032,0.011
5.514000,0.0073,-0.0067,-0.0135,0.017
5.518000,-0.0021,-0.0138,-0.0134,0.019
5.524000,-0.0233,-0.0113,-0.0014,0.026
5.528000,-0.0066,-0.0112,-0.0061,0.014
5.533000,0.0144,-0.0040,0.0129,0.020
5.546000,-0.0261,0.0149,0.0199,0.036
5.547000,0.0121,-0.0065,-0.0040,0.014
5.548000,0.0073,0.0055,0.0079,0.012
5.589000,0.0002,-0.0040,-0.0040,0.006
5.589000,0.0191,-0.0016,0.0008,0.019
5.590000,0.0307,0.0221,-0.0087,0.039
5.590000,0.0186,0.0197,-0.0015,0.027
5.590000,-0.0031,-0.0065,0.0127,0.015
5.591000,-0.0055,-0.0064,0.0031,0.009
5.591000,-0.0054,-0.0087,-0.0040,0.011
5.591000,-0.0174,0.0104,0.0316,0.038
5.591000,-0.0220,-0.0134,-0.0114,0.028
5.596000,0.0043,-0.0038,0.0053,0.008
5.600000,-0.0101,0.0056,0.0124,0.017
5.606000,-0.0150,-0.0016,0.0028,0.015
5.610000,-0.0031,-0.0110,0.0075,0.014
5.615000,0.0016,-0.0063,-0.0020,0.007
5.621000,-0.0032,0.0198,0.0146,0.025
5.625000,-0.0245,-0.0183,-0.0140,0.034
5.630000,0.0065,-0.0015,0.0122,0.014
5.634000,-0.0102,-0.0158,0.0003,0.019
5.639000,0.0135,-0.0156,0.0145,0.025
5.644000,-0.0152,-0.0013,-0.0236,0.028
5.649000,0.0039,0.0082,0.0027,0.009
5.660000,0.0276,0.0128,-0.0044,0.031
5.661000,-0.0057,-0.0134,-0.0091,0.017
5.663000,0.0276,0.0105,0.0004,0.030
5.668000,-0.0081,-0.0086,-0.0138,0.018
5.690000,0.0300,0.0034,-0.0018,0.030
5.691000,-0.0106,-0.0133,-0.0113,0.020
5.691000,0.0226,-0.0038,-0.0065,0.024
5.691000,0.0153,-0.0062,-0.0064,0.018
5.693000,-0.0015,-0.0061,0.0126,0.014
5.698000,-0.0015,0.0296,0.0101,0.031
5.702000,-0.0156,0.0128,0.0029,0.020
5.708000,0.0131,0.0104,0.0029,0.017
5.713000,-0.0106,-0.0039,-0.0019,0.011
5.717000,-0.0154,-0.0300,-0.0066,0.034
5.722000,0.0345,0.0130,-0.0136,0.039
5.727000,0.0082,-0.0108,0.0007,0.014
5.732000,0.0056,-0.0036,-0.0064,0.009
5.738000,0.0079,-0.0059,-0.0064,0.012
5.742000,0.0197,0.0037,0.0008,0.020
5.748000,0.0077,0.0038,-0.0040,0.009
5.752000,-0.0137,0.0061,0.0103,0.018
5.757000,0.0102,0.0227,-0.0111,0.027
5.761000,0.0125,-0.0012,0.0032,0.013
5.766000,0.0005,0.0226,0.0198,0.030
5.775000,0.0075,0.0035,0.0125,0.015
5.776000,-0.0044,-0.0084,0.0053,0.011
5.807000,0.0169,0.0059,-0.0042,0.018
5.808000,0.0000,0.0011,0.0148,0.015
5.808000,0.0049,0.0035,0.0075,0.010
5.808000,0.0072,-0.0060,-0.0044,0.010
5.808000,-0.0070,0.0036,0.0241,0.025
5.809000,0.0214,0.0129,-0.0022,0.025
5.810000,-0.0166,0.0034,0.0097,0.019
5.814000,-0.0093,0.0081,0.0072,0.014
5.819000,0.0005,0.0009,-0.0071,0.007
5.824000,0.0030,-0.0109,-0.0023,0.012
5.829000,0.0006,0.0153,-0.0046,0.016
5.833000,-0.0018,0.0032,-0.0093,0.010
5.839000,-0.0065,0.0079,0.0026,0.011
5.843000,-0.0136,0.0150,0.0358,0.041
5.848000,0.0080,0.0124,-0.0024,0.015
5.854000,0.0175,-0.0067,-0.0024,0.019
5.858000,-0.0015,-0.0112,-0.0048,0.012
5.863000,0.0246,0.0197,-0.0024,0.032
5.867000,0.0007,0.0007,-0.0071,0.007
5.873000,-0.0040,-0.0111,0.0001,0.012
5.877000,0.0268,0.0104,-0.0165,0.033
5.882000,-0.0137,-0.0229,-0.0188,0.033
5.890000,-0.0160,-0.0037,-0.0067,0.018
5.894000,-0.0111,0.0010,-0.0399,0.041
5.896000,0.0175,-0.0037,-0.0135,0.022
5.905000,-0.0064,0.0034,0.0104,0.013
5.911000,0.0008,0.0177,0.0150,0.023
5.912000,0.0032,-0.0275,-0.0041,0.028
5.916000,-0.0086,0.0131,0.0126,0.020
5.925000,-0.0039,0.0296,0.0077,0.031
5.926000,0.0152,-0.0063,-0.0113,0.020
5.931000,0.0103,0.0010,-0.0017,0.011
5.937000,-0.0041,-0.0014,-0.0017,0.005
5.941000,-0.0112,0.0271,0.0030,0.029
5.946000,-0.0039,-0.0016,-0.0207,0.021
5.951000,0.0199,0.0079,-0.0087,0.023
5.958000,-0.0111,0.0197,0.0175,0.029
5.961000,0.0032,0.0077,0.0055,0.010
5.966000,-0.0087,-0.0043,-0.0088,0.013
5.974000,0.0032,-0.0161,-0.0158,0.023
5.975000,0.0031,0.0076,0.0151,0.017
5.980000,-0.0087,0.0123,0.0103,0.018
5.985000,-0.0134,-0.0044,0.0149,0.021
5.992000,-0.0061,-0.0304,-0.0161,0.035
5.995000,-0.0013,-0.0208,-0.0278,0.035
6.000000,0.0225,0.0172,-0.0086,0.030
6.005000,-0.0014,-0.0019,-0.0014,0.003
6.010000,-0.0013,0.0147,0.0081,0.017
6.015000,0.0129,-0.0044,0.0033,0.014
6.020000,0.0105,-0.0067,-0.0110,0.017
6.025000,0.0033,-0.0256,-0.0203,0.033
6.029000,0.0151,-0.0088,-0.0012,0.018
6.034000,-0.0087,-0.0063,0.0249,0.027
6.039000,-0.0134,-0.0014,0.0152,0.020
6.045000,-0.0013,0.0035,0.0127,0.013
6.049000,0.0105,-0.0084,0.0079,0.016
6.056000,0.0010,0.0130,0.0031,0.013
6.059000,-0.0204,-0.0038,0.0220,0.030
6.064000,-0.0156,0.0105,0.0100,0.021
6.069000,0.0154,-0.0014,-0.0115,0.019
6.074000,0.0128,0.0127,-0.0090,0.020
6.079000,0.0080,0.0055,-0.0042,0.011
6.084000,-0.0158,0.0149,0.0172,0.028
6.097000,-0.0038,0.0075,0.0028,0.009
6.098000,-0.0037,0.0122,0.0241,0.027
6.099000,0.0035,0.0002,0.0050,0.006
6.103000,-0.0013,-0.0045,0.0002,0.005
6.134000,-0.0084,-0.0068,-0.0046,0.012
6.135000,-0.0153,0.0265,0.0192,0.036
6.135000,0.0181,0.0049,0.0001,0.019
6.135000,0.0085,-0.0069,-0.0047,0.012
6.136000,-0.0058,0.0049,0.0214,0.023
6.136000,-0.0080,0.0143,0.0142,0.022
6.137000,-0.0008,0.0308,0.0117,0.033
6.144000,-0.0007,0.0044,0.0068,0.008
6.146000,0.0088,-0.0026,-0.0051,0.010
6.151000,0.0016,0.0283,0.0068,0.029
6.157000,-0.0031,0.0043,-0.0099,0.011
6.161000,0.0043,-0.0146,-0.0050,0.016
6.166000,-0.0147,-0.0003,-0.0192,0.024
6.170000,0.0208,-0.0075,-0.0001,0.022
6.176000,0.0017,-0.0003,0.0070,0.007
6.180000,-0.0030,0.0092,0.0046,0.011
6.185000,-0.0078,-0.0050,-0.0097,0.013
6.202000,-0.0172,0.0021,-0.0262,0.031
6.202000,0.0089,-0.0098,-0.0046,0.014
6.203000,0.0042,-0.0121,-0.0212,0.025
6.205000,-0.0007,0.0164,0.0003,0.016
6.211000,-0.0030,0.0186,0.0027,0.019
6.215000,0.0041,0.0042,0.0027,0.006
6.220000,-0.0077,-0.0220,-0.0045,0.024
6.224000,-0.0124,0.0114,0.0169,0.024
6.230000,-0.0121,0.0043,0.0168,0.021
6.235000,0.0023,-0.0124,0.0095,0.016
6.239000,-0.0119,-0.0098,-0.0214,0.026
6.244000,-0.0213,0.0091,0.0120,0.026
6.248000,0.0097,-0.0004,-0.0023,0.010
6.253000,-0.0118,0.0020,-0.0094,0.015
6.259000,-0.0023,0.0185,0.0001,0.019
6.263000,-0.0095,0.0112,0.0072,0.016
6.268000,-0.0167,-0.0032,-0.0047,0.018
6.276000,0.0213,0.0062,0.0025,0.022
6.277000,0.0021,-0.0199,-0.0260,0.033
6.283000,0.0233,0.0016,-0.0163,0.029
6.287000,0.0136,0.0230,-0.0043,0.027
6.297000,0.0231,-0.0009,-0.0161,0.028
6.298000,-0.0175,0.0109,0.0125,0.024
6.303000,-0.0078,-0.0129,-0.0161,0.022
6.308000,0.0087,0.0132,-0.0041,0.016
6.312000,0.0111,-0.0154,-0.0088,0.021
6.317000,-0.0057,0.0062,0.0079,0.012
6.322000,0.0014,-0.0033,0.0078,0.009
6.327000,0.0083,-0.0104,-0.0018,0.013
6.331000,0.0010,0.0181,0.0054,0.019
6.336000,-0.0059,-0.0105,0.0101,0.016
6.343000,0.0108,-0.0010,-0.0019,0.011
6.347000,-0.0034,0.0037,0.0029,0.006
6.352000,0.0203,-0.0010,0.0029,0.020
6.356000,-0.0108,-0.0081,-0.0090,0.016
6.362000,0.0105,0.0110,0.0290,0.033
6.367000,0.0057,0.0015,0.0003,0.006
6.371000,-0.0062,0.0039,-0.0021,0.008
6.382000,-0.0180,-0.0317,0.0074,0.037
6.383000,-0.0036,-0.0005,0.0050,0.006
6.388000,0.0037,-0.0172,0.0002,0.018
6.428000,0.0061,-0.0147,-0.0022,0.016
6.429000,0.0037,-0.0026,0.0073,0.009
6.429000,-0.0011,-0.0287,-0.0164,0.033
6.430000,0.0012,-0.0190,-0.0163,0.025
6.430000,0.0060,-0.0118,0.0052,0.014
6.430000,-0.0083,-0.0188,-0.0067,0.022
6.430000,-0.0058,0.0170,0.0099,0.021
6.431000,-0.0080,-0.0115,-0.0162,0.021
6.431000,0.0013,-0.0090,0.0005,0.009
6.434000,0.0013,0.0053,0.0147,0.016
6.439000,0.0108,0.0077,0.0028,0.014
6.444000,0.0272,-0.0067,-0.0068,0.029
6.449000,0.0008,-0.0137,-0.0067,0.015
6.453000,-0.0087,0.0077,0.0171,0.021
6.459000,0.0223,-0.0042,-0.0068,0.024
6.464000,0.0152,0.0149,0.0099,0.023
6.468000,-0.0017,-0.0090,-0.0068,0.011
6.475000,0.0078,-0.0113,-0.0044,0.014
6.478000,0.0031,-0.0087,0.0123,0.015
6.483000,0.0103,-0.0015,0.0003,0.010
6.488000,0.0031,0.0128,0.0074,0.015
6.492000,0.0127,0.0031,-0.0116,0.017
6.498000,0.0220,0.0008,-0.0020,0.022
6.503000,-0.0139,-0.0040,-0.0234,0.028
6.516000,0.0123,-0.0063,-0.0113,0.018
6.517000,0.0050,-0.0039,-0.0017,0.007
6.519000,0.0261,0.0032,-0.0017,0.026
6.522000,-0.0049,0.0245,-0.0041,0.025
6.542000,0.0236,0.0173,-0.0135,0.032
6.543000,0.0020,0.0148,-0.0087,0.017
6.543000,0.0209,-0.0068,-0.0039,0.022
6.543000,0.0160,0.0004,0.0009,0.016
6.546000,0.0064,-0.0091,-0.0157,0.019
6.551000,0.0063,-0.0043,-0.0061,0.010
6.558000,-0.0104,0.0100,0.0153,0.021
6.561000,0.0087,-0.0090,-0.0062,0.014
6.566000,-0.0032,-0.0209,0.0010,0.021
6.571000,0.0015,-0.0041,0.0081,0.009
6.577000,0.0086,0.0101,0.0128,0.018
6.581000,0.0013,0.0173,0.0222,0.028
6.586000,-0.0082,-0.0042,-0.0231,0.025
6.591000,-0.0034,-0.0161,0.0032,0.017
6.596000,-0.0034,-0.0183,-0.0110,0.022
6.600000,-0.0011,-0.0158,-0.0133,0.021
6.605000,0.0036,0.0199,-0.0014,0.020
6.610000,0.0059,-0.0182,-0.0156,0.025
6.615000,-0.0082,-0.0038,-0.0036,0.010
6.620000,0.0037,0.0178,0.0225,0.029
6.633000,0.0038,0.0083,0.0129,0.016
6.634000,-0.0058,0.0248,0.0009,0.026
6.635000,-0.0104,0.0033,0.0199,0.023
6.671000,0.0134,0.0009,0.0126,0.018
6.672000,-0.0414,0.0081,0.0243,0.049
6.672000,-0.0030,-0.0087,0.0052,0.011
6.673000,-0.0030,-0.0087,-0.0044,0.010
6.673000,-0.0100,-0.0182,0.0004,0.021
6.673000,0.0019,-0.0038,0.0052,0.007
6.674000,-0.0006,-0.0013,0.0004,0.001
6.674000,0.0089,-0.0037,0.0241,0.026
6.681000,-0.0053,-0.0154,-0.0283,0.033
6.682000,0.0067,-0.0106,-0.0162,0.020
6.688000,0.0044,0.0323,0.0124,0.035
6.693000,-0.0074,0.0130,0.0075,0.017
6.698000,-0.0050,-0.0108,-0.0186,0.022
6.702000,-0.0146,0.0035,0.0124,0.019
6.718000,-0.0382,-0.0155,-0.0209,0.046
6.719000,0.0001,-0.0035,-0.0065,0.007
6.720000,0.0167,0.0107,0.0054,0.021
6.722000,0.0190,-0.0036,-0.0160,0.025
6.747000,0.0117,0.0154,0.0055,0.020
6.748000,-0.0097,0.0081,0.0173,0.021
6.748000,-0.0001,-0.0061,-0.0018,0.006
6.748000,0.0142,0.0011,0.0029,0.014
6.749000,-0.0001,-0.0251,-0.0232,0.034
6.751000,-0.0024,0.0202,0.0055,0.021
6.757000,-0.0118,0.0011,0.0078,0.014
6.762000,0.0098,-0.0013,0.0054,0.011
6.766000,0.0051,-0.0107,-0.0137,0.018
6.770000,-0.0068,0.0083,-0.0254,0.028
6.776000,-0.0163,0.0059,-0.0228,0.029
6.781000,0.0098,0.0248,-0.0108,0.029
6.785000,0.0098,-0.0158,-0.0060,0.020
6.792000,0.0098,0.0080,-0.0035,0.013
6.795000,-0.0021,0.0104,-0.0320,0.034
6.800000,-0.0068,-0.0039,0.0086,0.012
6.804000,0.0028,-0.0015,-0.0033,0.005
6.810000,-0.0233,-0.0181,-0.0009,0.030
6.815000,0.0054,-0.0226,0.0039,0.024
6.820000,-0.0067,-0.0295,-0.0199,0.036
6.833000,-0.0113,0.0325,0.0111,0.036
6.836000,0.0007,-0.0010,0.0015,0.002
6.836000,-0.0110,0.0109,-0.0080,0.017
6.839000,-0.0110,0.0060,-0.0103,0.016
6.861000,-0.0037,-0.0154,-0.0055,0.017
6.861000,0.0249,0.0131,0.0065,0.029
6.862000,0.0152,-0.0036,0.0088,0.018
6.862000,0.0056,-0.0155,-0.0008,0.016
6.864000,0.0008,0.0012,0.0111,0.011
6.869000,-0.0135,0.0012,0.0110,0.017
6.874000,-0.0062,-0.0036,-0.0010,0.007
6.878000,-0.0109,0.0035,0.0109,0.016
6.884000,0.0153,-0.0155,-0.0272,0.035
6.888000,0.0081,-0.0034,0.0087,0.012
6.893000,0.0175,0.0037,-0.0009,0.018
6.898000,-0.0087,-0.0176,-0.0151,0.025
6.903000,0.0057,-0.0175,-0.0103,0.021
6.909000,0.0104,0.0063,-0.0031,0.012
6.912000,-0.0372,0.0061,0.0207,0.043
6.917000,-0.0132,0.0130,0.0134,0.023
6.922000,-0.0178,-0.0013,0.0085,0.020
6.927000,0.0014,0.0249,0.0156,0.029
6.932000,-0.0176,-0.0109,-0.0225,0.031
6.937000,0.0015,-0.0085,0.0014,0.009
6.951000,-0.0150,-0.0061,-0.0081,0.018
6.952000,-0.0077,0.0296,0.0133,0.033
6.952000,0.0090,-0.0015,0.0061,0.011
6.956000,-0.0220,0.0103,0.0108,0.027
6.990000,0.0257,0.0030,-0.0035,0.026
6.991000,-0.0125,0.0148,0.0273,0.034
6.991000,-0.0266,0.0052,0.0319,0.042
6.992000,-0.0121,-0.0018,0.0197,0.023
6.992000,-0.0097,-0.0065,0.0053,0.013
6.992000,0.0166,0.0127,-0.0018,0.021
6.993000,-0.0002,-0.0135,-0.0018,0.014
6.995000,-0.0049,0.0080,-0.0042,0.010
7.000000,0.0022,-0.0135,-0.0160,0.021
7.005000,-0.0050,0.0081,-0.0087,0.013
7.011000,-0.0357,0.0034,-0.0229,0.043
7.015000,-0.0187,0.0175,0.0129,0.029
7.020000,-0.0115,-0.0134,-0.0062,0.019
7.035000,-0.0019,0.0199,0.0128,0.024
7.036000,-0.0092,0.0195,0.0080,0.023
7.037000,-0.0092,0.0051,-0.0063,0.012
7.040000,-0.0020,-0.0044,0.0079,0.009
7.073000,0.0145,0.0027,0.0126,0.019
7.074000,-0.0094,0.0217,-0.0278,0.036
7.075000,0.0048,-0.0094,-0.0110,0.015
7.075000,-0.0189,-0.0046,0.0200,0.028
7.076000,-0.0069,0.0192,0.0388,0.044
7.076000,0.0123,0.0001,-0.0019,0.012
7.076000,0.0028,-0.0046,0.0076,0.009
7.078000,-0.0044,-0.0093,0.0028,0.011
7.083000,-0.0019,0.0335,0.0028,0.034
7.087000,0.0052,-0.0190,-0.0328,0.038
7.093000,0.0028,-0.0023,-0.0041,0.005
7.097000,-0.0162,-0.0213,0.0149,0.031
7.102000,-0.0066,-0.0069,0.0030,0.010
7.107000,0.0196,0.0097,0.0195,0.029
7.112000,0.0029,0.0096,0.0194,0.022
7.117000,-0.0067,0.0048,0.0026,0.009
7.122000,0.0051,0.0096,0.0026,0.011
7.128000,-0.0091,-0.0190,-0.0046,0.022
7.132000,0.0005,-0.0189,-0.0116,0.022
7.137000,-0.0043,0.0049,0.0027,0.007
7.142000,-0.0042,-0.0259,-0.0068,0.027
7.152000,0.0054,-0.0186,-0.0115,0.023
7.154000,0.0006,0.0125,-0.0185,0.022
7.157000,0.0028,0.0171,0.0267,0.032
7.180000,-0.0091,0.0194,0.0289,0.036
7.180000,0.0099,0.0025,0.0049,0.011
7.181000,0.0027,0.0119,0.0215,0.025
7.181000,-0.0165,0.0094,0.0094,0.021
7.182000,-0.0116,0.0070,-0.0001,0.014
7.185000,-0.0045,-0.0287,-0.0001,0.029
7.191000,0.0026,0.0166,0.0141,0.022
7.195000,-0.0068,-0.0000,0.0211,0.022
7.200000,0.0075,-0.0095,-0.0099,0.016
7.205000,0.0121,0.0024,-0.0051,0.013
7.212000,-0.0068,0.0118,-0.0074,0.016
7.215000,0.0217,-0.0025,-0.0121,0.025
7.220000,-0.0093,0.0094,-0.0357,0.038
7.225000,0.0003,0.0140,-0.0117,0.018
7.230000,-0.0019,0.0116,0.0121,0.017
7.234000,-0.0019,-0.0075,-0.0070,0.010
7.240000,-0.0066,-0.0122,-0.0188,0.023
7.253000,-0.0137,-0.0121,-0.0115,0.022
7.257000,0.0102,0.0141,0.0028,0.018
7.258000,0.0077,-0.0169,-0.0114,0.022
7.259000,-0.0018,0.0283,-0.0042,0.029
7.286000,0.0054,-0.0075,-0.0066,0.011
7.287000,0.0173,-0.0168,-0.0136,0.028
7.287000,0.0030,-0.0001,0.0221,0.022
7.288000,-0.0065,-0.0166,-0.0137,0.023
7.288000,-0.0017,0.0143,0.0007,0.014
7.288000,0.0244,0.0118,-0.0065,0.028
7.296000,0.0052,-0.0001,-0.0088,0.010
7.298000,-0.0139,-0.0072,0.0269,0.031
7.302000,0.0122,0.0023,-0.0089,0.015
7.307000,-0.0022,-0.0286,-0.0160,0.033
7.312000,-0.0022,0.0214,0.0055,0.022
7.317000,0.0167,-0.0001,-0.0017,0.017
7.321000,-0.0000,0.0119,-0.0135,0.018
7.326000,-0.0000,-0.0119,-0.0205,0.024
7.331000,0.0070,-0.0023,0.0153,0.017
7.336000,0.0000,-0.0094,0.0128,0.016
7.341000,0.0215,0.0002,0.0079,0.023
7.346000,-0.0070,0.0026,-0.0206,0.022
7.351000,0.0121,0.0120,0.0009,0.017
7.356000,-0.0021,0.0024,0.0270,0.027
7.363000,0.0050,0.0094,0.0054,0.012
7.366000,-0.0212,-0.0215,-0.0113,0.032
7.370000,-0.0020,-0.0236,-0.0017,0.024
7.375000,0.0029,0.0098,0.0221,0.024
7.380000,0.0078,0.0073,0.0148,0.018
7.385000,-0.0087,-0.0046,-0.0043,0.011
7.390000,-0.0157,-0.0069,0.0099,0.020
7.395000,0.0058,-0.0022,0.0027,0.007
7.400000,-0.0037,-0.0141,-0.0258,0.030
7.404000,0.0274,0.0145,-0.0018,0.031
7.410000,0.0032,-0.0164,0.0006,0.017
7.414000,-0.0015,-0.0067,0.0029,0.007
7.419000,-0.0204,-0.0066,0.0171,0.027
7.424000,0.0011,-0.0041,-0.0115,0.012
7.430000,-0.0013,-0.0112,0.0242,0.027
7.435000,-0.0084,-0.0017,0.0121,0.015
7.439000,-0.0131,0.0054,0.0049,0.015
7.445000,0.0251,0.0100,-0.0188,0.033
7.450000,-0.0155,-0.0138,0.0169,0.027
7.454000,-0.0155,0.0005,-0.0165,0.023
7.459000,0.0153,-0.0161,-0.0258,0.034
7.464000,0.0176,-0.0137,-0.0208,0.031
7.471000,-0.0063,-0.0041,-0.0017,0.008
7.473000,0.0129,-0.0112,-0.0064,0.018
7.486000,0.0081,-0.0016,-0.0064,0.010
7.488000,0.0103,-0.0110,-0.0039,0.016
7.488000,0.0268,0.0104,-0.0039,0.029
7.520000,-0.0090,-0.0063,-0.0015,0.011
7.520000,-0.0209,-0.0063,-0.0228,0.032
7.521000,0.0219,0.0152,0.0035,0.027
7.521000,-0.0021,0.0080,0.0153,0.017
7.521000,-0.0330,0.0127,0.0104,0.037
7.522000,0.0005,-0.0065,0.0008,0.007
7.522000,-0.0068,-0.0112,-0.0087,0.016
7.529000,0.0076,0.0078,0.0175,0.021
7.532000,-0.0114,-0.0041,0.0031,0.013
7.537000,-0.0137,0.0030,0.0221,0.026
7.542000,-0.0114,-0.0184,-0.0018,0.022
7.547000,0.0075,-0.0136,0.0006,0.016
7.551000,0.0123,-0.0016,0.0053,0.013
7.556000,0.0122,0.0032,-0.0114,0.017
7.565000,0.0167,0.0102,-0.0018,0.020
7.566000,0.0024,0.0078,0.0101,0.013
7.571000,-0.0048,-0.0042,-0.0090,0.011
7.575000,-0.0072,0.0195,0.0101,0.023
7.591000,-0.0047,-0.0044,-0.0185,0.020
7.592000,-0.0047,0.0098,0.0102,0.015
7.592000,0.0072,-0.0022,0.0053,0.009
7.601000,-0.0002,0.0025,0.0006,0.003
7.601000,-0.0024,-0.0047,-0.0161,0.017
7.605000,0.0307,0.0072,-0.0064,0.032
7.610000,0.0139,0.0000,0.0007,0.014
7.615000,-0.0147,-0.0024,0.0292,0.033
7.619000,-0.0074,-0.0166,0.0052,0.019
7.624000,0.0092,-0.0070,0.0004,0.012
7.630000,-0.0122,0.0120,0.0242,0.030
7.634000,-0.0097,0.0002,-0.0021,0.010
7.639000,0.0046,0.0144,0.0216,0.026
7.644000,-0.0097,-0.0023,0.0096,0.014
7.649000,-0.0048,0.0072,0.0308,0.032
7.654000,0.0024,-0.0213,-0.0193,0.029
7.659000,0.0023,0.0049,0.0118,0.013
7.664000,-0.0097,0.0048,0.0022,0.011
7.669000,-0.0190,0.0025,-0.0287,0.034
7.674000,-0.0021,-0.0165,-0.0237,0.029
7.688000,0.0217,0.0026,-0.0022,0.022
7.689000,0.0050,0.0002,0.0050,0.007
7.689000,0.0144,0.0192,-0.0022,0.024
7.693000,-0.0047,0.0002,0.0002,0.005
7.731000,-0.0047,0.0119,0.0002,0.013
7.732000,0.0023,-0.0024,-0.0140,0.014
7.732000,-0.0001,-0.0023,-0.0020,0.003
7.733000,0.0023,0.0025,-0.0068,0.008
7.733000,-0.0024,-0.0118,-0.0091,0.015
7.733000,0.0070,-0.0046,-0.0138,0.016
7.734000,-0.0168,-0.0164,-0.0160,0.028
7.735000,0.0072,0.0098,0.0150,0.019
7.736000,0.0166,-0.0116,-0.0208,0.029
7.741000,0.0094,-0.0138,-0.0206,0.027
7.747000,0.0139,-0.0042,-0.0014,0.015
7.752000,-0.0171,-0.0019,-0.0275,0.032
7.756000,-0.0099,-0.0043,0.0131,0.017
7.761000,-0.0076,-0.0043,-0.0013,0.009
7.766000,0.0329,-0.0019,-0.0013,0.033
7.771000,0.0207,0.0051,-0.0060,0.022
7.776000,0.0109,0.0311,-0.0083,0.034
7.783000,0.0039,0.0024,-0.0106,0.012
7.785000,0.0014,-0.0119,0.0061,0.013
7.789000,0.0156,-0.0023,0.0060,0.017
7.809000,-0.0175,0.0072,0.0107,0.022
7.810000,0.0111,-0.0046,0.0011,0.012
7.810000,0.0109,0.0239,-0.0131,0.029
7.810000,-0.0081,-0.0142,-0.0012,0.016
7.819000,-0.0056,0.0167,0.0036,0.018
7.820000,0.0110,0.0070,0.0368,0.039
7.824000,-0.0200,-0.0027,0.0317,0.038
7.830000,-0.0007,-0.0050,0.0243,0.025
7.834000,-0.0126,0.0187,0.0075,0.024
7.838000,-0.0007,-0.0028,-0.0163,0.017
7.844000,-0.0196,-0.0076,-0.0232,0.031
7.849000,-0.0100,-0.0028,-0.0302,0.032
7.853000,-0.0052,0.0043,0.0033,0.007
7.858000,0.0210,0.0066,-0.0038,0.022
7.865000,-0.0100,0.0208,0.0057,0.024
7.868000,-0.0194,0.0064,-0.0062,0.021
7.873000,-0.0099,-0.0174,0.0104,0.023
7.880000,-0.0122,-0.0219,0.0080,0.026
7.883000,0.0046,0.0281,-0.0324,0.043
7.888000,-0.0050,0.0113,0.0058,0.014
7.893000,-0.0001,0.0065,0.0058,0.009
7.899000,-0.0024,0.0232,0.0057,0.024
7.903000,0.0000,-0.0125,-0.0252,0.028
7.908000,0.0095,-0.0148,0.0011,0.018
7.921000,0.0142,0.0091,-0.0084,0.019
7.923000,-0.0169,0.0020,-0.0202,0.026
7.924000,0.0046,0.0162,0.0014,0.017
7.927000,-0.0097,-0.0029,-0.0224,0.025
7.956000,-0.0003,-0.0030,0.0087,0.009
7.956000,-0.0050,0.0041,0.0133,0.015
7.957000,-0.0002,0.0136,0.0132,0.019
7.957000,0.0118,0.0041,-0.0011,0.013
7.957000,0.0189,-0.0031,0.0036,0.019
7.957000,0.0021,-0.0126,-0.0106,0.017
7.961000,-0.0168,-0.0196,-0.0034,0.026
7.966000,-0.0047,-0.0076,-0.0034,0.010
7.970000,-0.0093,0.0139,0.0085,0.019
7.975000,-0.0091,-0.0005,-0.0129,0.016
7.980000,-0.0210,0.0090,0.0228,0.032
7.985000,-0.0041,0.0232,0.0107,0.026
7.989000,-0.0134,0.0064,0.0177,0.023
7.997000,-0.0038,0.0135,0.0223,0.026
8.000000,-0.0013,0.0086,-0.0040,0.010
8.005000,0.0201,-0.0009,-0.0063,0.021
8.010000,0.0008,0.0062,0.0246,0.025
8.016000,0.0056,-0.0153,-0.0183,0.025
8.020000,0.0198,-0.0009,0.0079,0.021
8.024000,0.0077,-0.0104,-0.0135,0.019
8.038000,0.0125,-0.0152,0.0175,0.026
8.039000,0.0076,0.0134,0.0458,0.048
8.039000,-0.0066,-0.0080,0.0003,0.010
8.045000,-0.0019,0.0063,-0.0020,0.007
8.076000,-0.0185,-0.0269,0.0027,0.033
8.077000,0.0148,0.0066,-0.0115,0.020
8.077000,-0.0138,-0.0267,-0.0091,0.031
8.077000,-0.0065,-0.0122,-0.0066,0.015
8.078000,-0.0135,-0.0121,0.0029,0.018
8.078000,-0.0014,0.0259,-0.0018,0.026
8.078000,0.0342,0.0020,-0.0161,0.038
8.086000,0.0054,0.0020,-0.0064,0.009
8.087000,-0.0112,-0.0123,0.0007,0.017
8.093000,-0.0064,0.0305,0.0007,0.031
8.097000,0.0126,-0.0125,-0.0301,0.035
8.102000,0.0243,-0.0029,0.0010,0.025
8.107000,0.0121,0.0113,0.0057,0.018
8.112000,0.0049,-0.0243,-0.0370,0.045
8.117000,0.0141,-0.0005,-0.0011,0.014
8.121000,0.0045,-0.0005,-0.0106,0.012
8.127000,0.0257,0.0113,-0.0129,0.031
8.142000,-0.0101,0.0113,0.0109,0.019
8.143000,-0.0028,-0.0006,0.0061,0.007
8.143000,-0.0121,-0.0220,-0.0058,0.026
8.152000,-0.0143,-0.0075,0.0013,0.016
8.152000,0.0072,0.0163,-0.0034,0.018
8.156000,-0.0072,0.0114,0.0275,0.031
8.161000,0.0000,0.0041,-0.0084,0.009
8.166000,-0.0002,0.0159,0.0297,0.034
8.170000,0.0070,0.0086,0.0104,0.015
8.175000,-0.0215,0.0037,0.0222,0.031
8.180000,-0.0047,-0.0248,-0.0183,0.031
8.185000,-0.0212,-0.0222,-0.0110,0.033
8.190000,0.0051,-0.0101,-0.0038,0.012
8.195000,-0.0021,-0.0149,-0.0062,0.016
8.201000,0.0194,-0.0172,-0.0132,0.029
8.205000,0.0050,-0.0028,0.0106,0.012
8.210000,-0.0021,-0.0171,-0.0132,0.022
8.215000,0.0098,-0.0121,-0.0179,0.024
8.220000,0.0168,0.0165,-0.0106,0.026
8.225000,0.0095,-0.0193,-0.0058,0.022
8.230000,-0.0072,-0.0238,-0.0033,0.025
8.234000,0.0142,-0.0141,-0.0152,0.025
8.240000,-0.0025,-0.0188,-0.0221,0.029
8.245000,0.0000,-0.0164,0.0018,0.016
8.256000,0.0095,0.0003,-0.0006,0.010
8.258000,0.0141,0.0215,-0.0006,0.026
8.259000,0.0140,-0.0024,0.0018,0.014
8.293000,-0.0050,-0.0025,0.0160,0.017
8.294000,0.0163,0.0118,0.0064,0.021
8.294000,0.0020,0.0023,0.0158,0.016
8.295000,0.0020,-0.0071,-0.0033,0.008
8.295000,0.0020,-0.0118,-0.0057,0.013
8.295000,-0.0099,-0.0258,0.0015,0.028
8.296000,0.0137,-0.0067,0.0110,0.019
8.303000,0.0066,-0.0161,-0.0152,0.023
8.304000,0.0041,0.0055,0.0086,0.011
8.307000,0.0112,0.0197,0.0038,0.023
8.313000,0.0088,-0.0017,-0.0104,0.014
8.317000,-0.0126,0.0103,0.0157,0.023
8.322000,-0.0055,0.0125,-0.0058,0.015
8.326000,0.0087,-0.0065,-0.0033,0.011
8.332000,0.0135,-0.0016,0.0086,0.016
8.336000,0.0040,-0.0088,0.0109,0.015
8.341000,0.0157,-0.0063,0.0013,0.017
8.350000,-0.0081,0.0080,0.0203,0.023
8.351000,0.0014,0.0197,0.0106,0.022
8.356000,-0.0010,0.0077,0.0058,0.010
8.360000,-0.0033,0.0077,0.0152,0.017
8.371000,0.0086,-0.0018,-0.0158,0.018
8.371000,-0.0082,0.0077,0.0128,0.017
8.375000,-0.0081,-0.0090,-0.0086,0.015
8.381000,-0.0080,0.0053,0.0081,0.013
8.385000,0.0063,-0.0042,-0.0228,0.024
8.390000,-0.0128,0.0124,0.0248,0.031
8.395000,0.0134,0.0100,0.0056,0.018
8.400000,0.0085,-0.0139,-0.0182,0.024
8.405000,-0.0035,-0.0043,-0.0156,0.017
8.409000,-0.0059,-0.0042,-0.0060,0.009
8.414000,0.0131,-0.0043,-0.0012,0.014
8.420000,0.0250,0.0005,0.0059,0.026
8.424000,0.0011,0.0241,0.0059,0.025
8.429000,0.0201,-0.0047,-0.0156,0.026
8.434000,0.0200,-0.0093,-0.0154,0.027
8.439000,-0.0230,-0.0046,-0.0058,0.024
8.443000,-0.0062,0.0097,0.0180,0.021
8.451000,-0.0038,-0.0117,-0.0083,0.015
8.453000,0.0058,0.0097,0.0250,0.027
8.458000,-0.0109,-0.0188,-0.0061,0.023
8.463000,0.0081,-0.0163,-0.0155,0.024
8.486000,-0.0085,-0.0043,0.0084,0.013
8.487000,-0.0015,0.0075,0.0012,0.008
8.487000,-0.0087,-0.0020,0.0036,0.010
8.487000,0.0080,0.0051,0.0415,0.043
8.488000,0.0174,0.0074,-0.0039,0.019
8.493000,-0.0018,-0.0116,0.0008,0.012
8.497000,-0.0137,0.0217,0.0056,0.026
8.502000,0.0007,-0.0022,-0.0040,0.005
8.507000,0.0127,-0.0093,0.0056,0.017
8.512000,0.0127,-0.0045,0.0008,0.013
8.518000,-0.0112,-0.0092,0.0008,0.015
8.522000,-0.0230,-0.0305,0.0197,0.043
8.527000,-0.0133,0.0006,0.0053,0.014
8.532000,0.0107,-0.0088,0.0005,0.014
8.536000,-0.0131,0.0031,-0.0256,0.029
8.542000,-0.0036,-0.0205,-0.0206,0.029
8.547000,0.0083,-0.0109,-0.0062,0.015
8.553000,-0.0203,-0.0108,-0.0180,0.029
8.557000,0.0060,-0.0179,-0.0107,0.022
8.562000,-0.0058,0.0013,0.0131,0.014
8.574000,-0.0199,0.0274,0.0082,0.035
8.576000,-0.0150,-0.0013,-0.0156,0.022
8.576000,0.0207,0.0057,-0.0178,0.028
8.612000,0.0039,-0.0133,-0.0153,0.021
8.612000,-0.0035,-0.0037,0.0014,0.005
8.613000,0.0013,0.0105,-0.0057,0.012
8.613000,-0.0178,0.0104,0.0205,0.029
8.613000,-0.0132,-0.0182,-0.0011,0.023
8.614000,-0.0108,0.0082,0.0061,0.015
8.614000,-0.0013,-0.0014,-0.0106,0.011
8.622000,0.0200,0.0104,-0.0129,0.026
8.623000,0.0151,-0.0110,-0.0412,0.045
8.624000,-0.0652,-0.0109,-0.0267,0.071
8.629000,0.0374,0.0059,0.0020,0.038
8.634000,-0.0270,0.0058,0.0068,0.028
8.639000,0.0232,0.0154,0.0020,0.028
8.643000,-0.0080,0.0319,0.0138,0.036
8.654000,0.0017,-0.0230,-0.0077,0.024
8.655000,0.0018,0.0246,0.0043,0.025
8.658000,0.0256,0.0055,-0.0005,0.026
8.663000,0.0018,0.0244,0.0232,0.034
8.683000,-0.0149,0.0028,0.0088,0.018
8.684000,-0.0052,0.0147,0.0063,0.017
8.684000,-0.0075,0.0336,0.0134,0.037
8.685000,-0.0146,0.0215,0.0252,0.036
8.687000,-0.0169,0.0094,0.0226,0.030
8.692000,-0.0096,0.0187,0.0058,0.022
8.697000,0.0070,-0.0124,-0.0061,0.015
8.702000,-0.0001,-0.0122,0.0010,0.012
8.707000,0.0427,0.0116,-0.0037,0.044
8.712000,-0.0145,-0.0265,0.0011,0.030
8.716000,-0.0025,-0.0144,-0.0013,0.015
8.722000,-0.0073,0.0166,0.0129,0.022
8.727000,-0.0050,-0.0073,-0.0133,0.016
8.733000,0.0282,0.0046,-0.0108,0.031
8.736000,-0.0098,0.0212,0.0154,0.028
8.741000,-0.0143,-0.0121,-0.0275,0.033
8.746000,0.0119,-0.0000,-0.0130,0.018
8.751000,0.0117,-0.0023,0.0132,0.018
8.756000,0.0045,-0.0023,0.0084,0.010
8.761000,-0.0098,0.0049,0.0249,0.027
8.775000,0.0091,-0.0047,0.0057,0.012
8.776000,-0.0217,-0.0069,-0.0204,0.031
8.777000,-0.0074,0.0097,0.0177,0.022
8.780000,0.0046,-0.0070,0.0033,0.009
8.812000,0.0022,-0.0164,0.0057,0.017
8.813000,-0.0144,-0.0019,0.0198,0.025
8.813000,-0.0001,-0.0042,-0.0112,0.012
8.813000,-0.0072,-0.0113,-0.0158,0.021
8.814000,-0.0023,-0.0183,-0.0109,0.021
8.814000,-0.0451,-0.0015,0.0176,0.048
8.814000,0.0027,-0.0086,0.0056,0.011
8.822000,-0.0211,0.0128,0.0198,0.032
8.824000,-0.0019,0.0056,0.0291,0.030
8.829000,-0.0018,-0.0110,-0.0162,0.020
8.834000,0.0077,0.0009,-0.0018,0.008
8.839000,-0.0068,-0.0063,-0.0184,0.021
8.844000,-0.0043,0.0222,0.0245,0.033
8.850000,0.0029,0.0172,0.0409,0.044
8.854000,0.0219,0.0051,0.0002,0.022
8.859000,0.0027,0.0002,0.0049,0.006
8.863000,0.0051,0.0262,-0.0165,0.031
8.868000,-0.0020,0.0094,0.0050,0.011
8.873000,-0.0092,-0.0144,-0.0069,0.018
8.878000,-0.0067,0.0000,0.0050,0.008
8.891000,0.0052,0.0166,0.0050,0.018
8.893000,-0.0018,-0.0191,-0.0188,0.027
8.893000,-0.0065,0.0048,0.0170,0.019
8.897000,0.0078,-0.0071,-0.0022,0.011
8.931000,0.0195,0.0119,0.0002,0.023
8.932000,0.0028,0.0047,0.0002,0.005
8.932000,0.0004,0.0331,-0.0069,0.034
8.933000,-0.0212,-0.0005,-0.0163,0.027
8.933000,-0.0116,0.0256,0.0218,0.036
8.933000,-0.0044,0.0064,-0.0021,0.008
8.934000,-0.0209,0.0016,0.0121,0.024
8.937000,0.0080,-0.0054,0.0049,0.011
8.941000,0.0009,-0.0030,0.0191,0.019
8.946000,0.0199,0.0207,-0.0119,0.031
8.951000,0.0007,-0.0056,-0.0118,0.013
8.956000,-0.0065,0.0182,-0.0046,0.020
8.960000,-0.0088,-0.0176,0.0121,0.023
8.971000,-0.0135,0.0040,0.0072,0.016
8.972000,0.0009,-0.0149,-0.0190,0.024
8.975000,-0.0062,-0.0077,-0.0093,0.014
8.980000,0.0081,0.0042,0.0216,0.023
8.999000,0.0033,-0.0029,0.0238,0.024
9.000000,-0.0062,0.0161,0.0189,0.026
9.000000,-0.0108,-0.0125,-0.0193,0.025
9.001000,0.0107,-0.0006,0.0046,0.012
9.005000,0.0058,0.0254,-0.0073,0.027
9.009000,0.0080,-0.0247,-0.0357,0.044
9.014000,0.0008,0.0039,0.0121,0.013
9.020000,-0.0062,-0.0057,-0.0094,0.013
9.024000,0.0223,-0.0057,0.0002,0.023
9.029000,0.0031,0.0204,0.0239,0.032
9.034000,-0.0111,0.0156,-0.0071,0.020
9.039000,-0.0157,-0.0224,-0.0213,0.035
9.044000,0.0011,0.0063,-0.0022,0.007
9.048000,0.0271,0.0087,-0.0116,0.031
9.053000,0.0009,0.0062,0.0407,0.041
9.058000,0.0151,0.0132,-0.0095,0.022
9.064000,-0.0041,-0.0106,0.0001,0.011
9.069000,-0.0230,0.0156,0.0143,0.031
9.074000,-0.0061,-0.0036,-0.0143,0.016
9.079000,-0.0013,-0.0106,-0.0094,0.014
9.093000,0.0012,-0.0081,-0.0070,0.011
9.094000,-0.0130,-0.0009,0.0121,0.018
9.095000,-0.0128,-0.0056,0.0049,0.015
9.098000,-0.0032,-0.0150,-0.0189,0.024
9.129000,-0.0054,0.0135,0.0216,0.026
9.130000,0.0066,0.0039,0.0119,0.014
9.130000,-0.0148,0.0229,0.0189,0.033
9.131000,-0.0076,-0.0128,-0.0026,0.015
9.131000,0.0066,-0.0174,-0.0120,0.022
9.131000,0.0161,0.0136,0.0023,0.021
9.132000,0.0089,-0.0149,-0.0191,0.026
9.139000,-0.0029,-0.0123,-0.0189,0.023
9.140000,0.0089,-0.0098,0.0002,0.013
9.146000,0.0017,-0.0121,-0.0140,0.019
9.151000,-0.0006,-0.0001,-0.0163,0.016
9.155000,-0.0078,-0.0356,-0.0256,0.045
9.160000,0.0136,0.0004,0.0125,0.018
9.165000,0.0017,-0.0280,-0.0042,0.028
9.170000,-0.0030,0.0149,0.0220,0.027
9.175000,-0.0101,0.0125,0.0170,0.023
9.180000,-0.0075,0.0052,-0.0116,0.015
9.193000,-0.0099,0.0146,-0.0044,0.018
9.194000,0.0068,-0.0234,-0.0209,0.032
9.195000,-0.0146,0.0171,0.0219,0.031
9.200000,0.0210,0.0051,-0.0091,0.023
9.230000,0.0139,0.0004,0.0029,0.014
9.231000,0.0090,0.0027,0.0123,0.015
9.231000,-0.0005,0.0265,0.0241,0.036
9.232000,0.0233,0.0120,-0.0070,0.027
9.232000,0.0089,-0.0190,-0.0211,0.030
9.232000,-0.0076,-0.0306,0.0051,0.032
9.239000,-0.0076,0.0147,0.0051,0.017
9.240000,-0.0051,-0.0021,-0.0044,0.007
9.243000,-0.0097,-0.0163,0.0098,0.021
9.248000,-0.0001,0.0098,0.0192,0.022
9.254000,0.0047,0.0003,0.0143,0.015
9.259000,-0.0120,0.0169,0.0261,0.033
9.263000,0.0071,0.0096,0.0069,0.014
9.269000,0.0095,-0.0024,0.0068,0.012
9.273000,0.0024,0.0094,0.0091,0.013
9.278000,-0.0285,-0.0002,0.0209,0.035
9.283000,0.0073,0.0188,0.0065,0.021
9.288000,-0.0021,-0.0026,-0.0007,0.003
9.293000,-0.0044,-0.0098,0.0041,0.011
9.297000,0.0005,0.0022,-0.0126,0.013
9.307000,0.0052,-0.0049,0.0065,0.010
9.308000,0.0004,0.0093,0.0207,0.023
9.312000,-0.0067,-0.0074,0.0158,0.019
9.316000,-0.0113,0.0093,0.0157,0.021
9.339000,0.0053,-0.0004,0.0084,0.010
9.339000,0.0006,0.0068,0.0273,0.028
9.340000,0.0007,-0.0051,0.0105,0.012
9.340000,0.0055,-0.0027,0.0033,0.007
9.340000,0.0007,-0.0122,-0.0134,0.018
9.345000,-0.0016,0.0044,0.0105,0.011
9.352000,0.0031,0.0091,-0.0205,0.023
9.355000,-0.0111,-0.0029,0.0106,0.016
9.360000,0.0008,0.0019,-0.0014,0.002
9.364000,0.0032,0.0066,0.0010,0.007
9.370000,-0.0134,-0.0124,-0.0204,0.027
9.375000,0.0034,-0.0029,-0.0060,0.007
9.380000,0.0176,-0.0006,0.0012,0.018
9.385000,0.0079,0.0137,0.0131,0.020
9.389000,0.0054,-0.0078,-0.0131,0.016
9.394000,-0.0018,0.0184,0.0226,0.029
9.399000,-0.0042,0.0063,0.0034,0.008
9.404000,-0.0017,-0.0198,-0.0038,0.020
9.409000,0.0030,0.0087,0.0081,0.012
9.414000,-0.0136,0.0014,-0.0323,0.035
9.421000,-0.0134,-0.0080,0.0202,0.026
9.424000,-0.0062,-0.0056,-0.0085,0.012
9.428000,0.0010,0.0039,0.0011,0.004
9.433000,0.0130,-0.0080,0.0058,0.016
9.441000,0.0297,-0.0364,0.0082,0.048
9.443000,0.0153,-0.0028,-0.0180,0.024
9.448000,0.0104,-0.0028,-0.0060,0.012
9.453000,0.0197,0.0043,0.0036,0.020
9.458000,0.0077,0.0281,0.0035,0.029
9.463000,-0.0066,-0.0007,0.0106,0.013
9.468000,0.0220,0.0206,-0.0013,0.030
9.472000,0.0313,0.0062,-0.0132,0.034
9.477000,0.0191,-0.0177,-0.0344,0.043
9.483000,0.0024,-0.0151,0.0038,0.016
9.488000,-0.0307,-0.0126,-0.0318,0.046
9.492000,-0.0138,0.0041,0.0064,0.016
9.497000,0.0053,-0.0102,-0.0292,0.031
9.503000,-0.0209,-0.0006,-0.0266,0.034
9.507000,-0.0207,-0.0125,-0.0145,0.028
9.512000,-0.0181,-0.0172,-0.0049,0.025
9.517000,0.0105,0.0066,-0.0072,0.014
9.523000,0.0080,-0.0124,-0.0001,0.015
9.528000,-0.0087,-0.0029,0.0023,0.009
9.532000,0.0177,-0.0053,0.0023,0.019
9.544000,-0.0014,0.0090,0.0070,0.011
9.546000,0.0106,-0.0220,-0.0120,0.027
9.546000,0.0010,0.0043,-0.0072,0.008
9.550000,0.0032,-0.0124,-0.0142,0.019
9.576000,0.0055,-0.0006,-0.0141,0.015
9.576000,0.0102,-0.0029,-0.0045,0.012
9.576000,-0.0158,-0.0076,0.0145,0.023
9.577000,-0.0109,-0.0147,-0.0236,0.030
9.577000,-0.0202,0.0092,0.0288,0.036
9.580000,0.0084,0.0020,0.0096,0.013
9.586000,0.0130,0.0068,-0.0047,0.015
9.590000,-0.0013,-0.0145,-0.0047,0.015
9.595000,0.0059,-0.0215,-0.0094,0.024
9.600000,0.0011,-0.0071,-0.0093,0.012
9.605000,0.0057,0.0096,0.0026,0.011
9.610000,0.0010,-0.0237,-0.0045,0.024
9.614000,-0.0038,-0.0093,-0.0330,0.034
9.625000,-0.0180,0.0027,0.0029,0.018
9.626000,-0.0013,0.0217,0.0029,0.022
9.629000,-0.0059,-0.0140,0.0053,0.016
9.634000,0.0178,0.0003,0.0028,0.018
9.651000,-0.0085,-0.0093,-0.0162,0.020
9.652000,-0.0084,-0.0044,-0.0208,0.023
9.652000,0.0297,0.0099,-0.0087,0.032
9.653000,0.0342,0.0074,-0.0087,0.036
9.658000,0.0032,-0.0116,0.0056,0.013
9.663000,0.0173,-0.0162,-0.0110,0.026
9.668000,0.0242,-0.0113,-0.0086,0.028
9.672000,0.0075,0.0149,0.0105,0.020
9.678000,0.0121,0.0195,0.0080,0.024
9.682000,0.0048,-0.0140,0.0008,0.015
9.688000,0.0047,-0.0044,0.0056,0.009
9.692000,-0.0144,-0.0091,-0.0134,0.022
9.697000,0.0071,-0.0018,-0.0133,0.015
9.702000,-0.0145,0.0076,0.0010,0.016
9.707000,-0.0191,-0.0280,-0.0014,0.034
9.712000,-0.0046,0.0031,0.0105,0.012
9.716000,0.0074,-0.0112,-0.0086,0.016
9.723000,0.0120,0.0055,0.0010,0.013
9.727000,0.0142,0.0197,0.0034,0.024
9.732000,-0.0098,0.0005,0.0128,0.016
9.745000,-0.0096,0.0006,0.0104,0.014
9.746000,0.0070,-0.0065,0.0008,0.010
9.747000,0.0118,-0.0206,-0.0111,0.026
9.751000,0.0189,0.0010,-0.0015,0.019
9.786000,-0.0073,-0.0299,-0.0205,0.037
9.787000,0.0164,0.0131,-0.0061,0.022
9.787000,0.0140,-0.0179,-0.0013,0.023
9.787000,-0.0004,0.0203,0.0082,0.022
9.787000,0.0019,-0.0201,-0.0179,0.027
9.788000,0.0041,-0.0010,0.0036,0.005
9.788000,0.0065,0.0158,0.0296,0.034
9.790000,-0.0007,0.0086,0.0199,0.022
9.795000,0.0065,-0.0223,0.0079,0.025
9.799000,-0.0149,-0.0080,-0.0017,0.017
9.804000,-0.0003,0.0324,0.0054,0.033
9.809000,-0.0162,0.0062,-0.0160,0.024
9.814000,-0.0085,-0.0104,0.0150,0.020
9.819000,0.0014,0.0016,0.0196,0.020
9.824000,-0.0032,0.0134,0.0337,0.036
9.829000,-0.0099,-0.0057,0.0263,0.029
9.834000,-0.0073,0.0063,0.0095,0.013
9.842000,0.0025,0.0062,0.0070,0.010
9.843000,0.0004,-0.0010,-0.0144,0.014
9.849000,0.0149,0.0038,-0.0000,0.015
9.870000,0.0054,-0.0009,0.0189,0.020
9.871000,0.0221,0.0014,-0.0002,0.022
9.871000,0.0173,0.0015,0.0259,0.031
9.872000,-0.0184,-0.0246,-0.0052,0.031
9.873000,-0.0062,-0.0197,0.0020,0.021
9.878000,0.0319,0.0185,0.0162,0.040
9.882000,-0.0038,-0.0077,0.0066,0.011
9.887000,0.0178,0.0066,0.0089,0.021
9.892000,0.0107,-0.0171,0.0112,0.023
9.897000,0.0178,0.0140,-0.0008,0.023
9.902000,0.0131,-0.0004,-0.0174,0.022
9.907000,0.0013,0.0044,0.0065,0.008
9.912000,0.0111,-0.0098,0.0088,0.017
9.917000,0.0113,-0.0049,-0.0031,0.013
9.923000,0.0114,-0.0024,-0.0126,0.017
9.927000,0.0164,0.0071,0.0018,0.018
9.932000,0.0141,0.0071,-0.0054,0.017
9.938000,-0.0001,0.0070,0.0113,0.013
9.941000,0.0048,0.0093,0.0112,0.015
9.947000,0.0026,0.0022,-0.0221,0.022
9.951000,0.0053,0.0070,0.0113,0.014
9.956000,-0.0113,-0.0049,-0.0268,0.029
9.961000,-0.0040,-0.0001,-0.0266,0.027
9.966000,0.0058,-0.0001,0.0021,0.006
9.980000,-0.0177,0.0094,0.0069,0.021
9.981000,0.0041,-0.0213,0.0044,0.022
9.982000,0.0186,-0.0258,-0.0170,0.036
9.986000,-0.0027,-0.0137,0.0093,0.017
10.012000,0.0071,-0.0159,-0.0216,0.028
10.013000,0.0050,-0.0110,-0.0072,0.014
10.013000,-0.0042,-0.0180,-0.0024,0.019
10.013000,0.0007,-0.0059,0.0023,0.006
10.014000,0.0103,0.0155,0.0094,0.021
10.014000,-0.0062,0.0011,-0.0167,0.018
10.019000,-0.0061,-0.0202,0.0261,0.034
10.024000,0.0013,0.0037,0.0022,0.004
10.029000,-0.0151,0.0037,0.0235,0.028
10.033000,-0.0123,0.0014,-0.0004,0.012
10.038000,-0.0144,-0.0080,-0.0147,0.022
10.044000,-0.0000,-0.0033,0.0044,0.006
10.048000,-0.0119,0.0063,0.0234,0.027
10.054000,-0.0214,0.0038,0.0113,0.024
10.058000,0.0095,0.0085,0.0207,0.024
10.063000,-0.0001,-0.0128,-0.0150,0.020
10.067000,0.0021,0.0062,-0.0244,0.025
10.073000,-0.0052,-0.0082,-0.0005,0.010
10.077000,-0.0102,0.0085,-0.0195,0.024
10.082000,0.0086,0.0084,-0.0027,0.012
10.096000,-0.0130,-0.0037,0.0021,0.014
10.098000,0.0010,-0.0013,0.0021,0.003
10.099000,0.0055,-0.0108,-0.0027,0.012
10.103000,0.0172,-0.0013,-0.0050,0.018
10.130000,0.0073,-0.0250,-0.0192,0.032
10.131000,-0.0121,-0.0011,-0.0048,0.013
10.131000,0.0162,-0.0272,-0.0048,0.032
10.131000,0.0157,0.0063,0.0000,0.017
10.132000,0.0082,0.0086,-0.0047,0.013
10.132000,0.0150,-0.0034,0.0072,0.017
10.136000,0.0170,-0.0081,-0.0048,0.019
10.141000,0.0283,0.0133,-0.0166,0.035
10.146000,-0.0007,-0.0035,0.0144,0.015
10.150000,0.0154,0.0084,-0.0094,0.020
10.156000,0.0033,0.0060,0.0144,0.016
10.161000,0.0196,0.0273,-0.0071,0.034
10.165000,0.0049,0.0081,0.0048,0.011
10.177000,0.0188,0.0105,0.0000,0.022
10.177000,-0.0006,0.0033,0.0095,0.010
10.180000,-0.0057,0.0032,0.0023,0.007
10.184000,-0.0059,0.0292,0.0118,0.032
10.204000,0.0153,-0.0066,-0.0025,0.017
10.205000,0.0243,0.0196,-0.0073,0.032
10.205000,0.0001,0.0288,0.0284,0.040
10.205000,0.0117,0.0049,0.0021,0.013
10.210000,0.0138,0.0048,-0.0051,0.015
10.214000,-0.0008,-0.0165,-0.0240,0.029
10.218000,-0.0175,0.0074,-0.0119,0.022
10.223000,-0.0008,0.0050,-0.0095,0.011
10.228000,0.0183,-0.0047,-0.0046,0.019
10.233000,-0.0031,-0.0070,0.0120,0.014
10.238000,-0.0150,0.0169,-0.0213,0.031
10.243000,-0.0007,0.0001,0.0145,0.014
10.248000,0.0042,0.0096,-0.0023,0.011
10.252000,-0.0480,0.0167,0.0167,0.053
10.258000,0.0094,-0.0001,-0.0095,0.013
10.263000,0.0188,-0.0001,-0.0047,0.019
10.268000,0.0092,-0.0096,-0.0284,0.031
10.273000,0.0092,-0.0025,-0.0092,0.013
10.278000,-0.0145,0.0166,0.0123,0.025
10.283000,0.0021,-0.0073,-0.0021,0.008
10.289000,-0.0050,-0.0144,-0.0021,0.015
10.294000,-0.0120,0.0213,0.0193,0.031
10.297000,-0.0094,-0.0097,0.0192,0.023
10.301000,-0.0047,0.0094,-0.0071,0.013
10.309000,0.0143,-0.0121,-0.0094,0.021
10.312000,-0.0002,-0.0168,-0.0165,0.024
10.316000,0.0046,-0.0119,-0.0068,0.014
10.333000,-0.0119,0.0119,0.0122,0.021
10.333000,0.0192,0.0023,-0.0092,0.021
10.334000,0.0263,0.0069,-0.0163,0.032
10.336000,0.0239,0.0117,0.0076,0.028
10.342000,0.0049,0.0117,0.0051,0.014
10.345000,-0.0067,-0.0762,-0.6308,0.635
10.350000,1.7311,0.6426,1.2077,2.206
10.356000,-1.2239,-0.3636,-0.1944,1.291
10.360000,-0.2328,-0.1465,0.7833,0.830
10.364000,-0.5972,-0.0935,-0.2047,0.638
10.370000,0.9729,0.2215,-0.8161,1.289
10.374000,-0.0011,0.0391,-0.4064,0.408
10.380000,-0.0742,-0.0557,0.0553,0.108
10.384000,-0.1047,0.0013,-0.0595,0.120
10.392000,0.2622,-0.0208,-0.1812,0.319
10.394000,-0.1641,0.0387,0.0006,0.169
10.399000,0.0214,-0.0069,0.0341,0.041
10.404000,0.0417,-0.0022,-0.0233,0.048
10.408000,0.0055,0.0121,0.0221,0.026
10.414000,0.0123,0.0024,0.0102,0.016
10.418000,0.0026,0.0072,0.0149,0.017
10.424000,0.0001,-0.0024,-0.0138,0.014
