time,gFx,gFy,gFz,TgF
0.001000,0.1826,0.7456,0.5891,0.968
0.002000,0.2331,0.7493,0.5871,0.980
0.005000,0.2707,0.7513,0.6096,1.005
0.009000,0.3074,0.7427,0.6442,1.030
0.014000,0.3357,0.7386,0.6821,1.060
0.019000,0.3420,0.7351,0.7211,1.085
0.030000,0.3828,0.6536,0.6491,0.998
0.030000,0.3896,0.6521,0.6538,1.002
0.035000,0.3164,0.6912,0.6980,1.032
0.054000,0.2419,0.7151,0.6916,1.024
0.055000,0.1843,0.7369,0.6743,1.016
0.055000,0.1555,0.7361,0.6633,1.003
0.056000,0.1237,0.7115,0.6665,0.983
0.062000,0.0852,0.7012,0.6752,0.977
0.063000,0.0427,0.6924,0.6599,0.957
0.068000,0.0293,0.6905,0.5830,0.904
0.073000,0.0046,0.6792,0.5302,0.862
0.078000,-0.0145,0.6783,0.5117,0.850
0.083000,-0.0254,0.6783,0.5021,0.844
0.087000,-0.0240,0.6831,0.5136,0.855
0.092000,-0.0208,0.6756,0.5261,0.856
0.097000,-0.0079,0.6717,0.5322,0.857
0.102000,-0.0052,0.6748,0.5436,0.867
0.108000,-0.0013,0.6758,0.5546,0.874
0.112000,-0.0022,0.6753,0.5659,0.881
0.118000,-0.0025,0.6724,0.5812,0.889
0.123000,-0.0149,0.6614,0.6030,0.895
0.137000,-0.0403,0.6470,0.6210,0.898
0.138000,-0.0347,0.6287,0.6103,0.877
0.138000,0.0185,0.6057,0.5358,0.809
0.144000,-0.0948,0.6267,0.6491,0.907
0.147000,-0.1810,0.6433,0.7065,0.973
0.151000,-0.1788,0.6277,0.6877,0.948
0.173000,-0.1368,0.6050,0.6611,0.907
0.174000,-0.0716,0.6045,0.6511,0.891
0.174000,-0.0093,0.6231,0.6433,0.896
0.174000,0.0603,0.6634,0.6005,0.897
0.180000,0.0578,0.6533,0.6315,0.911
0.180000,0.0835,0.6460,0.6584,0.926
0.185000,0.1257,0.6529,0.6845,0.954
0.190000,0.1596,0.6602,0.7094,0.982
0.195000,0.1609,0.6499,0.7251,0.987
0.200000,0.1462,0.6287,0.7426,0.984
0.205000,0.1264,0.5979,0.7783,0.990
0.209000,0.1176,0.5820,0.8391,1.028
0.214000,0.1128,0.5830,0.8867,1.067
0.219000,0.0988,0.5947,0.9031,1.086
0.232000,0.0573,0.5877,0.9192,1.092
0.232000,0.0080,0.5889,0.9404,1.110
0.233000,-0.0123,0.5901,0.9253,1.097
0.238000,0.0073,0.5987,0.8652,1.052
0.244000,0.0324,0.6179,0.8139,1.022
0.248000,0.0595,0.6438,0.7595,0.997
0.253000,0.1279,0.6751,0.7026,0.983
0.272000,0.1958,0.7200,0.6894,1.016
0.273000,0.2160,0.7271,0.7085,1.038
0.273000,0.2605,0.7285,0.6984,1.042
0.273000,0.2815,0.7393,0.7099,1.063
0.279000,0.2544,0.7459,0.7248,1.071
0.283000,0.2090,0.7430,0.7378,1.068
0.287000,0.1303,0.7220,0.7334,1.037
0.292000,0.0300,0.7012,0.7363,1.017
0.297000,0.0065,0.6724,0.7004,0.971
0.302000,-0.1006,0.6792,0.6003,0.912
0.307000,-0.2782,0.7351,0.5568,0.963
0.312000,-0.5785,0.7386,0.4728,1.051
0.316000,-0.5646,0.7740,0.4015,1.039
0.321000,-0.3958,0.7432,0.3893,0.928
0.327000,-0.2137,0.7403,0.3859,0.862
0.331000,-0.0296,0.7864,0.5077,0.937
0.336000,0.1872,0.8553,0.6113,1.068
0.351000,0.3599,0.9244,0.7312,1.232
0.351000,0.4709,0.9822,0.8266,1.367
0.352000,0.4915,1.0286,0.9338,1.474
0.358000,0.4094,1.0696,1.0430,1.549
0.362000,0.2434,1.1470,1.1939,1.673
0.369000,0.0815,1.2157,1.2988,1.781
0.370000,-0.0958,1.2826,1.3718,1.880
0.385000,-0.2752,1.3766,1.3828,1.971
0.386000,-0.4112,1.5218,1.2820,2.032
0.386000,-0.4452,1.7040,1.1291,2.092
0.393000,-0.2818,1.8822,0.9280,2.117
0.395000,-0.0179,2.0798,0.8640,2.252
0.400000,0.3118,2.2690,0.9529,2.481
0.404000,0.6782,2.4145,1.1565,2.762
0.409000,0.9874,2.5259,1.3870,3.046
0.414000,1.1983,2.6313,1.6126,3.311
0.419000,1.4117,2.6890,1.7896,3.525
0.424000,1.5431,2.7085,1.8966,3.649
0.429000,1.5765,2.6977,1.9334,3.674
0.434000,1.5345,2.6582,1.9014,3.611
0.438000,1.4234,2.5871,1.7830,3.449
0.449000,1.2430,2.4919,1.5965,3.210
0.449000,0.9915,2.3999,1.3946,2.947
0.453000,0.7437,2.3044,1.1882,2.697
0.458000,0.5010,2.1794,1.0850,2.486
0.463000,0.1975,2.0307,1.0798,2.308
0.468000,-0.0748,1.8737,1.1096,2.179
0.473000,-0.4207,1.7252,1.1707,2.127
0.490000,-0.7013,1.5724,1.1794,2.087
0.491000,-0.9032,1.4100,1.1331,2.022
0.492000,-1.0795,1.2625,1.0029,1.940
0.493000,-1.2370,1.1180,0.7197,1.816
0.498000,-1.3547,0.9869,0.3468,1.712
0.502000,-1.4208,0.8355,-0.0450,1.649
0.508000,-1.3930,0.7041,-0.3083,1.591
0.512000,-1.2636,0.6067,-0.4325,1.467
0.517000,-1.0443,0.4944,-0.5158,1.265
0.522000,-0.7951,0.3318,-0.6640,1.088
0.526000,-0.5130,0.1379,-0.8867,1.034
0.531000,-0.2325,-0.1158,-1.1589,1.188
0.536000,-0.0086,-0.4693,-1.4207,1.496
0.549000,0.0559,-0.8563,-1.5169,1.743
0.550000,-0.0801,-1.1777,-1.3872,1.821
0.551000,-0.2928,-1.4594,-1.0857,1.842
0.556000,-0.4454,-1.7263,-0.7160,1.921
0.562000,-0.4588,-2.0085,-0.3842,2.096
0.565000,-0.4071,-2.3181,-0.1124,2.356
0.570000,-0.3490,-2.5977,0.0990,2.623
0.583000,-0.2984,-2.8143,0.2655,2.843
0.584000,-0.1983,-2.9637,0.3681,2.993
0.585000,-0.0210,-3.0668,0.3813,3.090
0.590000,0.0952,-3.1652,0.2733,3.178
0.595000,0.3152,-3.3349,0.0858,3.351
0.600000,0.4858,-3.5500,-0.0734,3.584
0.604000,0.6150,-3.7245,-0.1476,3.778
0.609000,0.7901,-3.8510,-0.2023,3.936
0.614000,1.0638,-3.9401,-0.2103,4.087
0.619000,1.4508,-3.9726,-0.1915,4.234
0.624000,1.8964,-3.9304,-0.1850,4.368
0.629000,2.3205,-3.8483,-0.2252,4.499
0.634000,2.5935,-3.7248,-0.3075,4.549
0.638000,2.6897,-3.5868,-0.3722,4.499
0.644000,2.6499,-3.5121,-0.3583,4.414
0.649000,2.4714,-3.5136,-0.2660,4.304
0.654000,2.1930,-3.5509,-0.1134,4.175
0.672000,1.8815,-3.6322,0.0214,4.091
0.674000,1.5787,-3.7582,0.1264,4.078
0.675000,1.2935,-3.8845,0.2050,4.099
0.675000,1.0670,-3.9868,0.2311,4.134
0.680000,0.9549,-4.0666,0.2243,4.183
0.684000,0.9441,-4.1365,0.1815,4.247
0.690000,1.0228,-4.1972,0.0822,4.321
0.706000,1.1732,-4.2392,-0.0797,4.399
0.707000,1.3839,-4.2580,-0.2826,4.486
0.708000,1.6195,-4.2805,-0.4816,4.602
0.709000,1.8798,-4.3130,-0.6327,4.747
0.711000,2.1169,-4.3679,-0.7358,4.909
0.717000,2.3359,-4.4448,-0.8154,5.087
0.722000,2.5403,-4.4924,-0.8151,5.225
0.730000,2.3532,-4.6228,-0.7783,5.245
0.731000,2.2717,-4.7259,-0.7248,5.293
0.736000,2.7541,-4.7923,-0.7910,5.584
0.741000,2.9751,-4.7386,-0.9184,5.670
0.746000,3.1265,-4.6558,-1.1284,5.721
0.751000,3.3289,-4.6670,-1.3775,5.896
0.755000,3.5924,-4.7093,-1.5906,6.133
0.760000,3.8514,-4.7530,-1.7610,6.366
0.765000,4.0763,-4.8748,-1.8746,6.625
0.770000,4.2787,-5.0657,-1.9385,6.908
0.782000,4.4110,-5.2603,-1.9444,7.135
0.783000,4.4591,-5.3497,-1.8621,7.209
0.784000,4.4657,-5.5560,-1.7635,7.343
0.789000,4.5754,-5.7829,-1.6094,7.548
0.795000,4.7297,-5.9301,-1.3748,7.709
0.799000,4.9170,-5.9765,-1.1174,7.819
0.804000,5.1619,-5.9777,-0.9250,7.952
0.814000,5.4199,-5.9330,-0.8129,8.077
0.815000,5.6412,-5.8253,-0.7646,8.145
0.819000,5.8304,-5.7123,-0.7856,8.200
0.825000,5.9747,-5.5924,-0.8754,8.230
0.829000,5.9881,-5.3863,-0.9580,8.111
0.833000,5.8885,-5.0601,-0.9819,7.826
0.838000,5.7806,-4.7168,-0.9934,7.527
0.844000,5.6973,-4.4119,-0.9831,7.273
0.849000,5.5635,-4.0842,-0.9262,6.964
0.853000,5.4602,-3.7766,-0.9563,6.708
0.859000,5.3552,-3.5307,-1.1079,6.509
0.863000,5.2449,-3.3466,-1.2744,6.351
0.868000,5.1225,-3.1637,-1.3716,6.175
0.872000,4.9543,-2.9676,-1.3516,5.931
0.878000,4.7365,-2.7779,-1.2478,5.631
0.883000,4.5143,-2.6187,-1.1370,5.341
0.887000,4.3288,-2.4703,-1.0847,5.101
0.897000,4.1561,-2.3015,-1.0935,4.875
0.898000,3.9974,-2.0925,-1.1106,4.647
0.902000,3.8563,-1.8640,-1.1072,4.424
0.907000,3.7730,-1.6416,-1.0754,4.253
0.927000,3.7144,-1.4265,-1.0044,4.104
0.928000,3.6773,-1.2008,-0.9131,3.975
0.929000,3.6551,-0.9884,-0.8378,3.878
0.930000,3.6065,-0.8265,-0.7876,3.783
0.932000,3.5230,-0.7213,-0.7414,3.672
0.936000,3.4051,-0.6588,-0.6909,3.536
0.942000,3.1714,-0.5699,-0.5954,3.277
0.946000,2.8413,-0.4735,-0.4577,2.917
0.951000,2.4763,-0.3848,-0.2934,2.523
0.956000,2.1615,-0.2996,-0.1212,2.186
0.961000,1.9838,-0.2547,0.0827,2.002
0.966000,1.9157,-0.2076,0.3820,1.964
0.971000,1.8939,-0.1045,0.7587,2.043
0.983000,1.9142,0.0344,1.1304,2.223
0.984000,1.9589,0.1599,1.3450,2.382
0.985000,1.9955,0.2341,1.3154,2.402
0.990000,2.0024,0.2952,1.0832,2.296
1.011000,1.9865,0.3936,0.7426,2.157
1.012000,1.9701,0.4917,0.3876,2.067
1.013000,1.9369,0.5598,0.0866,2.018
1.013000,1.8817,0.5816,-0.0597,1.970
1.015000,1.8178,0.6126,0.0328,1.918
1.019000,1.7858,0.6543,0.3769,1.939
1.024000,1.7782,0.7063,0.8777,2.105
1.029000,1.7499,0.7630,1.4200,2.379
1.034000,1.6849,0.8250,1.8951,2.667
1.038000,1.6510,0.8951,2.2320,2.917
1.044000,1.6825,0.9803,2.4093,3.098
1.049000,1.7765,1.1097,2.4293,3.208
1.053000,1.9027,1.3016,2.3409,3.286
1.060000,2.0590,1.5480,2.2250,3.404
1.063000,2.4140,1.7648,2.1742,3.697
1.068000,2.9216,1.9137,2.2560,4.158
1.073000,3.4832,2.0121,2.3080,4.638
1.078000,3.7872,2.1454,2.2079,4.881
1.083000,3.9425,2.1979,1.8909,4.894
1.088000,3.9466,2.0759,1.6963,4.771
1.099000,3.7633,1.8261,1.6944,4.513
1.100000,3.4161,1.5082,1.7471,4.123
1.103000,2.9724,1.1790,1.7215,3.632
1.107000,2.5329,0.8321,1.5835,3.101
1.129000,2.1493,0.5171,1.4165,2.626
1.130000,1.8419,0.2815,1.2659,2.253
1.130000,1.6400,0.1167,1.1497,2.006
1.131000,1.5287,-0.0188,1.0801,1.872
1.131000,1.5177,-0.1277,1.0632,1.857
1.136000,1.5353,-0.2186,1.0737,1.886
1.141000,1.5524,-0.2816,1.1028,1.925
1.148000,1.5729,-0.3524,1.1321,1.970
1.151000,1.6002,-0.4210,1.1523,2.016
1.156000,1.6495,-0.4964,1.1338,2.062
1.161000,1.7328,-0.5914,1.0557,2.113
1.166000,1.8288,-0.6981,0.9453,2.174
1.170000,1.9550,-0.8175,0.7946,2.263
1.175000,2.1225,-0.9589,0.6716,2.424
1.180000,2.2927,-1.0712,0.5778,2.596
1.185000,2.4690,-1.1337,0.4894,2.761
1.190000,2.6638,-1.1935,0.3696,2.942
1.195000,2.8472,-1.3022,0.2516,3.141
1.200000,2.9978,-1.4709,0.1752,3.344
1.204000,3.1114,-1.6587,0.1403,3.529
1.214000,3.2159,-1.8254,0.1449,3.701
1.216000,3.3743,-1.9951,0.1369,3.922
1.219000,3.6099,-2.2114,0.0853,4.234
1.224000,3.8661,-2.4454,0.0741,4.575
1.240000,4.0939,-2.6348,0.1383,4.870
1.241000,4.3290,-2.7735,0.2607,5.148
1.242000,4.6789,-2.9544,0.3542,5.545
1.250000,5.1267,-3.1942,0.4003,6.054
1.251000,5.6309,-3.4301,0.4101,6.606
1.253000,6.2164,-3.6838,0.4037,7.237
1.258000,6.7597,-3.9477,0.4079,7.839
1.263000,7.2011,-4.2019,0.3649,8.345
1.268000,7.6274,-4.5286,0.1950,8.873
1.272000,7.9825,-4.9861,-0.0287,9.412
1.277000,7.9939,-5.4899,-0.2423,9.701
1.282000,7.9939,-5.9862,-0.3424,9.993
1.287000,7.9871,-6.4909,-0.3227,10.297
1.292000,7.7923,-6.9661,-0.2284,10.455
1.301000,7.5283,-7.3685,-0.1801,10.536
1.303000,7.2182,-7.6781,-0.1454,10.539
1.307000,6.8620,-7.8600,-0.1332,10.435
1.345000,6.4965,-7.9122,-0.1557,10.239
1.346000,6.1615,-7.8986,-0.2509,10.021
1.347000,5.8270,-7.8077,-0.3886,9.750
1.348000,5.4717,-7.6217,-0.5788,9.400
1.348000,5.1655,-7.3604,-0.8283,9.030
1.349000,4.9343,-7.0325,-1.0674,8.657
1.350000,4.6535,-6.6391,-1.3132,8.213
1.351000,4.3583,-6.2595,-1.4988,7.773
1.352000,4.0629,-5.9215,-1.5855,7.354
1.355000,3.8019,-5.6061,-1.6431,6.970
1.367000,3.6097,-5.4015,-1.6954,6.714
1.368000,3.4678,-5.2953,-1.7366,6.564
1.370000,3.2925,-5.2645,-1.7366,6.448
1.375000,3.0266,-5.2713,-1.5906,6.283
1.394000,2.6521,-5.2652,-1.1326,6.003
1.395000,2.2079,-5.1876,-0.3925,5.652
1.396000,1.7560,-5.0501,0.4352,5.364
1.397000,1.3807,-4.8943,1.1655,5.217
1.399000,1.1480,-4.7532,1.6961,5.176
1.404000,1.0298,-4.6367,2.0416,5.170
1.413000,0.9554,-4.5413,2.2582,5.161
1.414000,0.9229,-4.4778,2.3358,5.134
1.419000,0.8255,-4.4412,2.2259,5.036
1.425000,0.5964,-4.4282,1.9554,4.877
1.429000,0.2221,-4.4451,1.5662,4.718
1.434000,-0.2010,-4.5022,1.1404,4.649
1.438000,-0.6298,-4.5672,0.7441,4.670
1.450000,-1.0299,-4.5945,0.4706,4.732
1.451000,-1.3515,-4.5698,0.3405,4.778
1.454000,-1.5644,-4.5415,0.3424,4.816
1.458000,-1.6824,-4.5125,0.4142,4.834
1.474000,-1.7788,-4.4924,0.5217,4.860
1.474000,-1.9224,-4.4504,0.7141,4.900
1.475000,-2.1297,-4.3804,0.9585,4.964
1.484000,-2.3479,-4.3003,1.2012,5.045
1.485000,-2.5472,-4.2156,1.4107,5.123
1.487000,-2.7008,-4.1257,1.5606,5.172
1.492000,-2.7931,-4.0146,1.6460,5.160
1.497000,-2.8038,-3.8913,1.6331,5.067
1.502000,-2.7611,-3.7763,1.5284,4.921
1.507000,-2.7078,-3.6681,1.3535,4.756
1.511000,-2.6763,-3.5649,1.0986,4.591
1.517000,-2.6441,-3.4716,0.8069,4.438
1.522000,-2.5489,-3.3942,0.5297,4.278
1.533000,-2.3606,-3.3268,0.2980,4.090
1.535000,-2.0896,-3.2609,0.1027,3.874
1.538000,-1.7844,-3.1766,-0.0761,3.644
1.541000,-1.4865,-3.1014,-0.2321,3.447
1.568000,-1.1960,-3.0370,-0.3832,3.286
1.569000,-0.8898,-2.9811,-0.5475,3.159
1.569000,-0.5768,-2.9432,-0.7014,3.080
1.570000,-0.2901,-2.8980,-0.8205,3.026
1.570000,-0.0672,-2.8331,-0.9362,2.985
1.571000,0.1399,-2.7813,-1.0730,2.984
1.575000,0.3330,-2.7638,-1.2617,3.056
1.580000,0.5176,-2.8143,-1.5083,3.235
1.585000,0.6355,-2.9417,-1.8013,3.507
1.590000,0.6131,-3.0528,-2.0294,3.717
1.596000,0.5513,-3.0880,-2.1256,3.789
1.600000,0.6716,-3.1044,-2.0880,3.801
1.604000,1.0027,-3.1122,-1.9363,3.800
1.610000,1.4908,-3.0841,-1.7649,3.853
1.615000,2.1244,-3.0316,-1.6294,4.045
1.619000,2.8413,-2.9823,-1.5623,4.405
1.624000,3.5352,-2.9107,-1.5669,4.840
1.630000,4.1908,-2.8929,-1.6267,5.346
1.634000,4.7475,-2.9625,-1.7120,5.852
1.639000,5.1274,-2.9803,-1.7645,6.188
1.651000,5.4307,-2.8282,-1.7557,6.370
1.653000,5.8133,-2.5823,-1.6663,6.576
1.655000,6.2814,-2.3196,-1.5528,6.874
1.658000,6.7453,-2.0398,-1.4844,7.202
1.699000,7.1325,-1.7507,-1.4842,7.493
1.700000,7.3891,-1.4421,-1.5218,7.681
1.700000,7.5217,-1.1264,-1.5708,7.766
1.701000,7.6047,-0.8561,-1.5872,7.816
1.702000,7.6306,-0.6549,-1.5628,7.816
1.702000,7.4975,-0.4918,-1.5132,7.665
1.703000,7.2404,-0.3240,-1.4514,7.392
1.704000,6.8908,-0.1763,-1.3718,7.028
1.704000,6.4349,-0.0694,-1.2825,6.562
1.707000,5.9273,-0.0030,-1.2207,6.052
1.712000,5.4326,0.0351,-1.1970,5.563
1.717000,4.9677,0.0578,-1.1938,5.110
1.722000,4.5273,0.0737,-1.1819,4.680
1.727000,4.1049,0.0893,-1.1311,4.259
1.732000,3.7081,0.1081,-1.0376,3.852
1.736000,3.3558,0.1262,-0.9157,3.481
1.741000,3.0469,0.1445,-0.7846,3.150
1.756000,2.7746,0.1701,-0.6516,2.855
1.758000,2.5210,0.1950,-0.4992,2.577
1.759000,2.3012,0.2165,-0.3319,2.335
1.786000,2.1139,0.2434,-0.1527,2.133
1.787000,1.9374,0.2751,0.0101,1.957
1.787000,1.7767,0.3017,0.1383,1.807
1.788000,1.6405,0.3252,0.2511,1.691
1.788000,1.5233,0.3601,0.3495,1.604
1.788000,1.4122,0.3901,0.4093,1.521
1.790000,1.2960,0.4121,0.4323,1.427
1.796000,1.1749,0.4231,0.4308,1.321
1.799000,1.0606,0.4299,0.4216,1.220
1.804000,0.9515,0.4377,0.4003,1.121
1.809000,0.8382,0.4570,0.3920,1.032
1.814000,0.7483,0.4819,0.3800,0.968
1.819000,0.6873,0.5049,0.3498,0.922
1.824000,0.6338,0.5237,0.3066,0.877
1.829000,0.5735,0.5388,0.2621,0.829
1.834000,0.5078,0.5632,0.2277,0.792
1.839000,0.4485,0.5943,0.2082,0.773
1.844000,0.3923,0.6455,0.2055,0.783
1.858000,0.3498,0.7344,0.2255,0.844
1.858000,0.3301,0.8216,0.2533,0.921
1.860000,0.3279,0.8985,0.2843,0.998
1.904000,0.3071,0.9732,0.3171,1.069
1.904000,0.2600,1.0460,0.3681,1.139
1.904000,0.1860,1.1361,0.4567,1.238
1.905000,0.1074,1.2452,0.5971,1.385
1.905000,0.0476,1.3707,0.7797,1.578
1.905000,0.0092,1.5016,0.9773,1.792
1.906000,-0.0000,1.6307,1.1658,2.005
1.906000,0.0183,1.7472,1.3159,2.187
1.907000,0.0849,1.8561,1.4248,2.341
1.907000,0.1801,1.9572,1.4903,2.467
1.915000,0.2761,2.0341,1.5186,2.553
1.916000,0.3122,2.0912,1.5052,2.595
1.929000,0.2571,2.1198,1.4444,2.578
1.929000,0.1262,2.1349,1.3347,2.521
1.943000,-0.0355,2.1435,1.1980,2.456
1.944000,-0.1751,2.1252,1.0425,2.374
1.944000,-0.2896,2.0695,0.8767,2.266
1.954000,-0.3817,1.9870,0.7238,2.149
1.955000,-0.4720,1.8944,0.6110,2.046
1.956000,-0.5377,1.7990,0.5436,1.955
1.961000,-0.5572,1.7042,0.5095,1.864
1.991000,-0.5086,1.6102,0.5390,1.773
1.992000,-0.3976,1.5297,0.6848,1.722
1.993000,-0.2523,1.4720,0.9324,1.761
1.993000,-0.1048,1.4210,1.2512,1.896
1.993000,0.0605,1.3871,1.5738,2.099
1.994000,0.2568,1.3438,1.8448,2.297
1.999000,0.4314,1.2701,2.0221,2.427
2.000000,0.5049,1.1700,2.0892,2.447
2.005000,0.4858,1.0433,2.0533,2.354
2.009000,0.4170,0.8792,1.9271,2.159
2.014000,0.3403,0.6817,1.7674,1.925
2.019000,0.2185,0.4785,1.6229,1.706
2.024000,0.0571,0.2532,1.5645,1.586
2.030000,-0.0992,-0.0340,1.6736,1.677
2.034000,-0.2591,-0.3841,1.9046,1.960
2.039000,-0.3241,-0.7223,2.0707,2.217
2.044000,-0.1133,-1.0436,2.0250,2.281
2.049000,0.5000,-1.3583,1.7361,2.260
2.054000,1.3592,-1.5754,1.3167,2.462
2.059000,2.4375,-1.7236,0.8886,3.115
2.069000,3.6712,-1.7422,0.6689,4.118
2.071000,4.9233,-1.7048,0.8286,5.276
2.074000,5.8072,-1.7112,1.3491,6.203
2.078000,6.1839,-1.5581,2.0245,6.691
2.108000,6.3085,-1.4543,2.5829,6.970
2.109000,6.6256,-1.0509,2.9577,7.332
2.110000,7.4604,-0.4466,2.7792,7.974
2.111000,7.9939,-0.0623,1.9310,8.224
2.111000,7.9939,-0.0323,0.4120,8.005
2.112000,7.9939,-0.1326,-1.2798,8.097
2.112000,7.9939,0.0202,-2.4364,8.357
2.117000,7.9939,0.3284,-2.9653,8.533
2.122000,7.9939,0.3691,-3.1335,8.594
2.126000,7.9939,-0.0137,-3.0427,8.553
2.131000,7.9939,-0.8094,-2.6554,8.462
2.136000,7.9939,-1.8403,-1.9813,8.439
2.141000,7.9939,-2.9041,-1.1650,8.585
2.146000,7.9939,-3.8823,-0.4377,8.898
2.151000,7.9939,-4.6953,0.1139,9.272
2.156000,7.5071,-5.3070,0.4340,9.204
2.160000,7.1811,-5.7194,0.5068,9.194
2.169000,7.1005,-5.9640,0.4521,9.284
2.171000,7.1618,-6.0583,0.3388,9.387
2.175000,7.2475,-6.0651,0.1293,9.451
2.199000,7.2209,-6.0622,-0.1378,9.429
2.201000,7.0097,-6.0724,-0.4486,9.285
2.201000,6.5968,-6.0866,-0.7993,9.011
2.202000,6.0462,-6.1208,-1.1540,8.681
2.203000,5.4309,-6.1730,-1.5052,8.359
2.206000,4.7624,-6.2631,-1.7435,8.059
2.209000,4.0663,-6.3442,-1.7725,7.741
2.214000,3.3787,-6.3564,-1.7361,7.405
2.220000,2.5893,-6.2204,-1.7796,6.969
2.224000,1.8769,-6.0351,-1.9173,6.605
2.228000,1.2926,-5.8546,-1.9522,6.305
2.234000,0.9146,-5.6884,-1.7674,6.026
2.238000,0.7320,-5.5253,-1.5633,5.789
2.244000,0.6883,-5.4271,-1.5010,5.673
2.249000,0.5889,-5.3546,-1.4761,5.585
2.254000,0.3144,-5.2728,-1.3254,5.446
2.259000,-0.0975,-5.1827,-1.0776,5.294
2.269000,-0.4999,-5.1458,-0.8488,5.239
2.271000,-0.8292,-5.1490,-0.6408,5.255
2.274000,-1.0678,-5.2132,-0.4281,5.339
2.277000,-1.2260,-5.3719,-0.2247,5.515
2.300000,-1.3691,-5.5150,-0.0961,5.683
2.302000,-1.5107,-5.6073,-0.0800,5.808
2.302000,-1.6252,-5.6556,-0.1593,5.887
2.303000,-1.7038,-5.6708,-0.2826,5.928
2.303000,-1.7566,-5.6815,-0.4101,5.961
2.307000,-1.8418,-5.6786,-0.5077,5.991
2.311000,-1.9683,-5.6080,-0.5734,5.971
2.316000,-2.0574,-5.4967,-0.6171,5.901
2.322000,-2.0757,-5.3717,-0.6276,5.793
2.327000,-2.0300,-5.2613,-0.6386,5.675
2.332000,-1.9287,-5.1754,-0.6813,5.565
2.337000,-1.8411,-5.0760,-0.7409,5.450
2.341000,-1.7473,-4.9590,-0.7912,5.317
2.348000,-1.6003,-4.8558,-0.7941,5.174
2.350000,-1.4448,-4.7608,-0.7602,5.033
2.356000,-1.2802,-4.6761,-0.7209,4.901
2.361000,-1.0734,-4.6114,-0.6801,4.783
2.366000,-0.8126,-4.5420,-0.6782,4.664
2.371000,-0.4984,-4.4290,-0.7441,4.519
2.375000,-0.1424,-4.2888,-0.8674,4.378
2.387000,0.2798,-4.1235,-0.9973,4.252
2.388000,0.7805,-3.9604,-1.1382,4.194
2.391000,1.3800,-3.8703,-1.2766,4.303
2.394000,2.0619,-3.9777,-1.4578,4.712
2.426000,2.5586,-4.2654,-1.6900,5.253
2.427000,2.5276,-4.4600,-1.9412,5.482
2.428000,2.1283,-4.3794,-2.0023,5.265
2.429000,1.9494,-4.2475,-1.7925,5.005
2.429000,2.2177,-4.2031,-1.4983,4.983
2.430000,2.8357,-4.2341,-1.3328,5.267
2.431000,3.6344,-4.3511,-1.2830,5.813
2.443000,4.4801,-4.5095,-1.2080,6.470
2.444000,5.2634,-4.6617,-1.0559,7.110
2.445000,6.0238,-4.7444,-0.8816,7.718
2.460000,6.7792,-4.6653,-0.7163,8.260
2.462000,7.5520,-4.4050,-0.5900,8.763
2.463000,7.9939,-3.9943,-0.4828,8.949
2.464000,7.9939,-3.4691,-0.2948,8.719
2.469000,7.9939,-2.8956,-0.0170,8.502
2.473000,7.9939,-2.3579,0.2912,8.340
2.478000,7.9939,-1.9160,0.5505,8.239
2.483000,7.9939,-1.5725,0.7509,8.182
2.488000,7.7966,-1.3122,0.8921,7.956
2.493000,7.1813,-1.0927,0.9433,7.325
2.504000,6.6266,-0.9057,0.8755,6.745
2.505000,6.1666,-0.7928,0.7092,6.258
2.507000,5.7701,-0.7172,0.4985,5.836
2.511000,5.4414,-0.6261,0.3048,5.486
2.535000,5.1863,-0.4915,0.1334,5.211
2.536000,4.9917,-0.3267,-0.0258,5.002
2.536000,4.8383,-0.1424,-0.1808,4.844
2.537000,4.6977,0.0351,-0.3310,4.709
2.538000,4.5424,0.1936,-0.4447,4.568
2.541000,4.3573,0.3176,-0.5097,4.399
2.545000,4.1190,0.4441,-0.5268,4.176
2.550000,3.8863,0.5686,-0.5082,3.960
2.555000,3.6700,0.6726,-0.4320,3.756
2.560000,3.4373,0.7762,-0.2855,3.535
2.565000,3.1436,0.8826,-0.1068,3.267
2.570000,2.8000,0.9695,0.0433,2.963
2.575000,2.4516,0.9957,0.1452,2.650
2.580000,2.0968,0.9969,0.2147,2.332
2.585000,1.7228,1.0399,0.2953,2.034
2.590000,1.3807,1.1646,0.3776,1.845
2.594000,1.1043,1.3363,0.4477,1.790
2.603000,0.9219,1.5138,0.4596,1.831
2.604000,0.8267,1.6600,0.4052,1.898
2.609000,0.7771,1.7963,0.3246,1.984
2.644000,0.7574,1.9369,0.2472,2.094
2.645000,0.7962,2.0832,0.1947,2.239
2.645000,0.8936,2.2243,0.1898,2.405
2.646000,1.0611,2.3459,0.2516,2.587
2.646000,1.2581,2.4355,0.3749,2.767
2.647000,1.4403,2.5014,0.5488,2.938
2.647000,1.5904,2.5603,0.7985,3.118
2.648000,1.6827,2.6098,1.1384,3.307
2.653000,1.7140,2.6328,1.5943,3.523
2.658000,1.6678,2.6238,2.0895,3.746
2.663000,1.5504,2.5578,2.5429,3.926
2.668000,1.3878,2.4306,2.8996,4.030
2.672000,1.1934,2.2978,3.1630,4.088
2.677000,1.0052,2.1943,3.3183,4.103
2.682000,0.8870,2.1100,3.3496,4.057
2.687000,0.8792,2.0571,3.2724,3.964
2.692000,0.9791,2.0268,3.0610,3.799
2.696000,1.1610,2.0136,2.7231,3.580
2.702000,1.3812,2.0104,2.3273,3.371
2.708000,1.6183,2.0004,1.9185,3.210
2.711000,1.8598,2.0129,1.4983,3.123
2.727000,2.0871,2.0324,1.0955,3.112
2.728000,2.3088,2.0500,0.6938,3.165
2.728000,2.4748,2.0434,0.3410,3.227
2.737000,2.5427,1.9972,0.0451,3.234
2.738000,2.5146,1.9071,-0.1740,3.161
2.741000,2.4077,1.7733,-0.3307,3.008
2.745000,2.2531,1.5995,-0.4086,2.793
2.754000,2.0868,1.4242,-0.4069,2.559
2.755000,2.0133,1.2606,-0.3522,2.401
2.760000,2.0778,1.0946,-0.2570,2.362
2.765000,2.3063,0.9358,-0.1364,2.493
2.770000,2.5959,0.7530,-0.0160,2.703
2.775000,2.8376,0.5684,0.0956,2.896
2.780000,2.9944,0.4116,0.2021,3.029
2.785000,3.1221,0.2864,0.2912,3.149
2.790000,3.2637,0.1933,0.3507,3.288
2.795000,3.4761,0.1123,0.3847,3.499
2.799000,3.8299,-0.0057,0.3852,3.849
2.806000,4.2650,-0.1556,0.3507,4.282
2.810000,4.7409,-0.3265,0.3305,4.764
2.821000,5.1833,-0.5641,0.3244,5.224
2.823000,5.5623,-0.8573,0.3234,5.637
2.825000,5.8301,-1.1335,0.3305,5.948
2.829000,6.0369,-1.3583,0.3456,6.198
2.854000,6.2901,-1.5549,0.3498,6.489
2.856000,6.6496,-1.7353,0.3354,6.880
2.856000,7.1149,-1.9324,0.2782,7.378
2.857000,7.5986,-2.2075,0.1669,7.915
2.858000,7.9654,-2.5272,-0.0216,8.357
2.858000,7.9939,-2.8099,-0.2877,8.478
2.863000,7.9939,-3.0758,-0.6276,8.588
2.867000,7.9939,-3.3925,-0.9890,8.740
2.873000,7.9939,-3.6916,-1.2493,8.893
2.877000,7.6062,-3.8840,-1.3396,8.645
2.883000,7.0856,-3.9856,-1.2886,8.231
2.888000,6.6696,-4.0674,-1.1533,7.897
2.892000,6.2484,-4.1413,-1.0947,7.576
2.897000,5.6021,-4.1601,-1.1352,7.070
2.902000,4.8630,-4.2327,-1.2668,6.570
2.907000,4.1862,-4.4341,-1.4507,6.268
2.912000,3.6781,-4.7588,-1.5703,6.216
2.920000,3.2491,-5.0357,-1.4541,6.167
2.922000,2.7451,-5.0330,-1.0144,5.822
2.926000,2.2209,-4.7896,-0.5002,5.303
2.930000,1.8148,-4.5493,-0.1151,4.899
2.948000,1.5626,-4.4473,0.1317,4.716
2.949000,1.3285,-4.4304,0.2646,4.633
2.949000,1.1068,-4.4055,0.3283,4.554
2.951000,0.9515,-4.3494,0.3761,4.468
2.955000,0.8428,-4.2717,0.4037,4.373
2.960000,0.7161,-4.1809,0.3891,4.260
2.965000,0.5635,-4.1123,0.3254,4.163
2.970000,0.3926,-4.0710,0.2201,4.096
2.975000,0.1765,-4.0449,0.1002,4.050
2.980000,-0.0508,-4.0429,-0.0167,4.043
2.985000,-0.2940,-4.0649,-0.1410,4.078
2.989000,-0.5995,-4.0725,-0.2587,4.124
2.994000,-0.9303,-4.0735,-0.3400,4.192
2.999000,-1.2348,-4.0883,-0.3703,4.287
3.005000,-1.5461,-4.0866,-0.3542,4.384
3.009000,-1.8694,-4.0564,-0.3065,4.477
3.014000,-2.1489,-4.0112,-0.2260,4.556
3.019000,-2.3636,-3.9611,-0.1256,4.614
3.024000,-2.5196,-3.9152,-0.0419,4.656
3.029000,-2.6351,-3.8725,-0.0089,4.684
3.039000,-2.7244,-3.8281,-0.0441,4.699
3.040000,-2.7713,-3.7787,-0.1388,4.688
3.043000,-2.7994,-3.7209,-0.2416,4.663
3.074000,-2.8016,-3.6664,-0.3517,4.628
3.075000,-2.7620,-3.6261,-0.4482,4.580
3.076000,-2.7032,-3.5942,-0.5116,4.526
3.076000,-2.6004,-3.5671,-0.5380,4.447
3.077000,-2.4324,-3.5282,-0.5427,4.320
3.078000,-2.1980,-3.4672,-0.5368,4.140
3.079000,-1.9463,-3.4042,-0.5278,3.957
3.084000,-1.6787,-3.3519,-0.5136,3.784
3.087000,-1.4045,-3.3102,-0.5104,3.632
3.092000,-1.1252,-3.2804,-0.5153,3.506
3.096000,-0.8725,-3.2489,-0.5522,3.409
3.103000,-0.6383,-3.2074,-0.6345,3.331
3.107000,-0.3409,-3.1932,-0.7766,3.304
3.111000,-0.0306,-3.2731,-1.0029,3.423
3.116000,0.2085,-3.4062,-1.2078,3.620
3.122000,0.3716,-3.5688,-1.3433,3.831
3.126000,0.4832,-3.7033,-1.3677,3.977
3.131000,0.6177,-3.7919,-1.2405,4.037
3.136000,0.8648,-3.8632,-0.9880,4.080
3.141000,1.2725,-3.9453,-0.6791,4.201
3.145000,1.7982,-4.0073,-0.3744,4.408
3.154000,2.3984,-4.0630,-0.1207,4.720
3.156000,3.0156,-4.1015,0.0700,5.091
3.161000,3.6068,-4.0798,0.2130,5.450
3.191000,4.1771,-3.9963,0.3468,5.791
3.193000,4.7246,-3.8352,0.4882,6.105
3.193000,5.2195,-3.6005,0.5771,6.367
3.194000,5.6111,-3.3256,0.5830,6.549
3.195000,5.8782,-3.0585,0.5099,6.646
3.195000,6.0301,-2.8614,0.4418,6.689
3.196000,6.0850,-2.7586,0.4365,6.695
3.199000,6.0704,-2.7025,0.4780,6.662
3.204000,6.0623,-2.6282,0.4985,6.626
3.209000,6.0728,-2.4734,0.4511,6.573
3.214000,6.0775,-2.2154,0.3095,6.476
3.219000,6.0665,-1.9087,0.0836,6.360
3.224000,6.0257,-1.6067,-0.2020,6.240
3.229000,5.9324,-1.3327,-0.5217,6.103
3.233000,5.7784,-1.1005,-0.8440,5.942
3.239000,5.5757,-0.9315,-1.1494,5.769
3.244000,5.3291,-0.8107,-1.4173,5.574
3.248000,5.0320,-0.6879,-1.6236,5.332
3.254000,4.7106,-0.5565,-1.7510,5.056
3.258000,4.3788,-0.4322,-1.7828,4.748
3.264000,4.0179,-0.3458,-1.7142,4.382
3.277000,3.6524,-0.2904,-1.5740,3.988
3.280000,3.3304,-0.2591,-1.3980,3.621
3.281000,3.0362,-0.2335,-1.1855,3.268
3.283000,2.7766,-0.2059,-0.9431,2.940
3.317000,2.5656,-0.1788,-0.6889,2.663
3.318000,2.4221,-0.1370,-0.4728,2.472
3.318000,2.3144,-0.0621,-0.3156,2.337
3.319000,2.2204,0.0415,-0.2103,2.231
3.319000,2.1088,0.1704,-0.1637,2.122
3.320000,1.9604,0.3220,-0.1586,1.993
3.320000,1.7919,0.4922,-0.1723,1.866
3.323000,1.6273,0.6607,-0.1710,1.765
3.327000,1.4877,0.8143,-0.1246,1.700
3.331000,1.3617,0.9444,-0.0326,1.657
3.337000,1.2545,1.0711,0.1268,1.654
3.341000,1.1712,1.2244,0.3273,1.726
3.345000,1.0989,1.3929,0.5468,1.857
3.358000,1.0303,1.5582,0.7526,2.014
3.360000,0.9791,1.6898,0.9438,2.169
3.361000,0.9659,1.7929,1.1135,2.321
3.364000,0.9512,1.8893,1.2642,2.464
3.383000,0.8951,1.9816,1.3770,2.574
3.384000,0.8338,2.0241,1.4295,2.614
3.384000,0.8047,2.0373,1.4285,2.615
3.386000,0.7908,2.0405,1.3694,2.581
3.389000,0.7957,2.0698,1.2869,2.564
3.394000,0.8313,2.1391,1.1978,2.589
3.400000,0.9170,2.2101,1.1240,2.644
3.405000,1.0648,2.2570,1.0903,2.723
3.409000,1.2625,2.2631,1.1042,2.817
3.413000,1.4479,2.2280,1.1860,2.910
3.418000,1.5848,2.1647,1.3059,2.984
3.424000,1.6725,2.0737,1.4253,3.021
3.428000,1.7159,1.9958,1.5079,3.033
3.434000,1.7433,1.9259,1.5352,3.017
3.438000,1.7911,1.8720,1.5142,3.001
3.443000,1.8837,1.8427,1.4436,3.005
3.448000,1.9977,1.8178,1.3135,3.003
3.453000,2.0964,1.7899,1.1492,2.986
3.457000,2.1584,1.7592,0.9416,2.939
3.462000,2.1992,1.7279,0.7258,2.889
3.471000,2.2153,1.7099,0.5551,2.853
3.472000,2.2118,1.6911,0.4470,2.820
3.477000,2.2145,1.6515,0.3781,2.788
3.481000,2.2106,1.5853,0.3547,2.743
3.494000,2.1823,1.4989,0.3730,2.674
3.495000,2.1584,1.3956,0.4093,2.603
3.497000,2.1427,1.2899,0.4526,2.542
3.505000,2.1598,1.1981,0.4921,2.518
3.507000,2.2084,1.1204,0.4943,2.525
3.512000,2.3290,1.0167,0.4767,2.586
3.517000,2.5735,0.8689,0.4308,2.750
3.521000,2.9124,0.7054,0.3495,3.017
3.525000,3.2618,0.5403,0.2116,3.313
3.531000,3.5240,0.3875,0.0360,3.545
3.536000,3.6771,0.2876,-0.1884,3.693
3.541000,3.7623,0.2891,-0.4694,3.802
3.546000,3.9066,0.3120,-0.8059,4.001
3.552000,4.2191,0.2595,-1.0952,4.367
3.555000,4.6262,0.1164,-1.3042,4.808
3.561000,5.0439,-0.0948,-1.3860,5.232
3.565000,5.4126,-0.3575,-1.3259,5.584
3.571000,5.6748,-0.6293,-1.1401,5.822
3.575000,5.8082,-0.8964,-0.8835,5.943
3.580000,5.8966,-1.1820,-0.6164,6.045
3.589000,5.9974,-1.4980,-0.3940,6.194
3.590000,6.1104,-1.8015,-0.2052,6.374
3.594000,6.2474,-2.0210,-0.0448,6.566
3.599000,6.4437,-2.1924,0.0631,6.807
3.623000,6.6520,-2.3719,0.0939,7.063
3.624000,6.8376,-2.5982,0.0565,7.315
3.625000,6.9626,-2.8648,-0.0394,7.529
3.625000,7.0214,-3.1498,-0.1674,7.697
3.626000,7.0160,-3.4057,-0.3297,7.806
3.628000,6.9220,-3.5712,-0.5263,7.807
3.634000,6.7787,-3.6716,-0.7192,7.743
3.638000,6.5924,-3.7321,-0.8867,7.627
3.644000,6.3597,-3.7673,-0.9768,7.456
3.648000,6.1725,-3.8317,-1.0268,7.337
3.653000,5.8922,-3.9187,-1.0932,7.160
3.658000,5.4705,-3.9797,-1.2136,6.873
3.662000,4.9387,-4.0708,-1.3604,6.543
3.669000,4.2846,-4.1745,-1.4229,6.149
3.672000,3.7008,-4.3225,-1.3660,5.852
3.677000,3.2359,-4.5103,-1.1999,5.679
3.682000,2.8665,-4.6721,-0.8877,5.553
3.687000,2.4929,-4.7610,-0.4159,5.390
3.692000,2.0026,-4.7139,0.1574,5.124
3.697000,1.5038,-4.5764,0.6875,4.866
3.707000,1.0616,-4.4719,1.0483,4.714
3.708000,0.6795,-4.4541,1.1660,4.654
3.713000,0.3498,-4.4717,1.0828,4.614
3.716000,0.0981,-4.4705,0.9131,4.564
3.739000,-0.1439,-4.3982,0.8066,4.474
3.740000,-0.3885,-4.2766,0.7898,4.366
3.740000,-0.6197,-4.1553,0.7922,4.275
3.741000,-0.8165,-4.0551,0.7136,4.198
3.741000,-0.9804,-3.9602,0.5656,4.119
3.745000,-1.1435,-3.8474,0.4032,4.034
3.751000,-1.3005,-3.7192,0.2755,3.950
3.755000,-1.4160,-3.6069,0.1894,3.879
3.761000,-1.4902,-3.5263,0.1222,3.830
3.766000,-1.5410,-3.4501,0.0624,3.779
3.770000,-1.5681,-3.3666,0.0031,3.714
3.775000,-1.5507,-3.2677,-0.0409,3.617
3.780000,-1.4997,-3.1715,-0.0790,3.509
3.786000,-1.4299,-3.0824,-0.1002,3.399
3.789000,-1.3410,-3.0050,-0.1014,3.292
3.795000,-1.2348,-2.9305,-0.0804,3.181
3.799000,-1.1183,-2.8458,-0.0555,3.058
3.804000,-0.9921,-2.7469,-0.0428,2.921
3.809000,-0.8810,-2.6348,-0.0526,2.779
3.813000,-0.8082,-2.5096,-0.0934,2.638
3.823000,-0.7430,-2.3797,-0.1781,2.499
3.825000,-0.6757,-2.2427,-0.3061,2.362
3.828000,-0.6024,-2.1084,-0.4391,2.236
3.833000,-0.5104,-1.9893,-0.5431,2.124
3.858000,-0.3995,-1.8838,-0.6081,2.019
3.860000,-0.2918,-1.7878,-0.6340,1.919
3.860000,-0.1944,-1.6933,-0.6218,1.814
3.861000,-0.1353,-1.5964,-0.5886,1.707
3.861000,-0.1207,-1.5083,-0.5451,1.608
3.863000,-0.1490,-1.4438,-0.4919,1.533
3.868000,-0.1986,-1.4045,-0.4191,1.479
3.872000,-0.2630,-1.3920,-0.3327,1.455
3.877000,-0.3211,-1.4062,-0.2565,1.465
3.882000,-0.3490,-1.4802,-0.2333,1.539
3.888000,-0.3380,-1.6159,-0.3105,1.680
3.892000,-0.2764,-1.8442,-0.5229,1.937
3.897000,-0.2550,-2.1607,-0.7839,2.313
3.909000,-0.3712,-2.5118,-0.9770,2.721
3.911000,-0.6403,-2.7931,-1.0102,3.038
3.912000,-0.9726,-2.9188,-0.9196,3.211
3.917000,-1.1188,-2.9469,-0.7812,3.247
3.942000,-0.9240,-3.0038,-0.6708,3.213
3.943000,-0.5565,-3.0309,-0.5473,3.130
3.944000,-0.1043,-3.0394,-0.3962,3.067
3.944000,0.4648,-3.0687,-0.2160,3.111
3.945000,1.0569,-3.1542,-0.0338,3.327
3.945000,1.5189,-3.2614,0.1381,3.600
3.950000,1.8226,-3.3695,0.2743,3.841
3.955000,2.1032,-3.4750,0.3820,4.080
3.960000,2.4719,-3.5678,0.4440,4.363
3.965000,2.9641,-3.6108,0.4509,4.693
3.970000,3.5245,-3.5798,0.3871,5.038
3.975000,4.1449,-3.4753,0.2309,5.414
3.979000,4.7854,-3.2999,0.0221,5.813
3.985000,5.3794,-3.0902,-0.2238,6.208
3.990000,5.8685,-2.8531,-0.4670,6.542
3.994000,6.2220,-2.5604,-0.6733,6.762
3.999000,6.4984,-2.2359,-0.8701,6.927
4.004000,6.7616,-1.8813,-1.0434,7.096
4.009000,7.0275,-1.5112,-1.1992,7.288
4.013000,7.2807,-1.2067,-1.3042,7.494
4.025000,7.4153,-0.9616,-1.3047,7.590
4.027000,7.3501,-0.7042,-1.1965,7.480
4.029000,7.0808,-0.4298,-1.0359,7.169
4.033000,6.6857,-0.1856,-0.9150,6.751
4.057000,6.2413,-0.0154,-0.8838,6.304
4.058000,5.7442,0.0854,-0.9380,5.821
4.059000,5.1897,0.1521,-1.0246,5.292
4.059000,4.5973,0.2285,-1.1003,4.733
4.060000,4.0065,0.3313,-1.1555,4.183
4.062000,3.4420,0.4573,-1.1926,3.671
4.067000,2.9456,0.5867,-1.2039,3.236
4.072000,2.5581,0.7000,-1.2034,2.912
4.077000,2.2914,0.7886,-1.2036,2.706
4.082000,2.1476,0.8760,-1.2200,2.621
4.088000,2.0739,0.9749,-1.2190,2.596
4.092000,2.0360,1.0850,-1.1758,2.589
4.097000,2.0107,1.2042,-1.0889,2.584
4.101000,1.9999,1.3055,-0.9790,2.581
4.106000,1.9838,1.4037,-0.8315,2.568
4.111000,1.9672,1.5228,-0.6276,2.566
4.116000,1.9543,1.6554,-0.3388,2.583
4.125000,1.9618,1.7765,0.0009,2.647
4.127000,1.9706,1.8734,0.3222,2.738
4.131000,1.9501,1.9381,0.5922,2.812
4.168000,1.8917,1.9696,0.8125,2.849
4.169000,1.7753,1.9955,1.0039,2.853
4.170000,1.6119,2.0031,1.1768,2.828
4.170000,1.3895,2.0048,1.2976,2.763
4.171000,1.1326,2.0053,1.3633,2.676
4.171000,0.8975,2.0109,1.3787,2.598
4.172000,0.7249,2.0304,1.3269,2.532
4.172000,0.6145,2.0514,1.2173,2.463
4.175000,0.5418,2.0839,1.0774,2.408
4.180000,0.4834,2.1230,0.9248,2.366
4.185000,0.4121,2.1489,0.7871,2.325
4.190000,0.3186,2.1518,0.6550,2.272
4.194000,0.2588,2.1457,0.5432,2.228
4.199000,0.2475,2.1388,0.4960,2.210
4.205000,0.2890,2.1440,0.5300,2.227
4.209000,0.3838,2.1530,0.6381,2.278
4.214000,0.5291,2.1567,0.7827,2.355
4.220000,0.6926,2.1540,0.9514,2.455
4.224000,0.8728,2.1410,1.1167,2.568
4.229000,1.0445,2.1093,1.2759,2.677
4.234000,1.1741,2.0500,1.3863,2.739
4.239000,1.2681,1.9640,1.4466,2.749
4.243000,1.3055,1.8612,1.4344,2.688
4.248000,1.3260,1.7609,1.3699,2.595
4.258000,1.3692,1.6752,1.2461,2.497
4.260000,1.4354,1.5912,1.0413,2.383
4.262000,1.5006,1.5223,0.7695,2.272
4.266000,1.5387,1.4718,0.4633,2.179
4.287000,1.5572,1.4151,0.1569,2.110
4.288000,1.5450,1.3424,-0.1188,2.050
4.289000,1.5148,1.2498,-0.3231,1.990
4.289000,1.4894,1.1405,-0.4203,1.922
4.292000,1.5887,1.0018,-0.4814,1.939
4.296000,1.8007,0.8106,-0.5400,2.047
4.301000,2.0878,0.5735,-0.5825,2.242
4.306000,2.3879,0.3503,-0.5336,2.472
4.311000,2.5564,0.2138,-0.4135,2.598
4.316000,2.6919,0.1345,-0.3168,2.714
4.322000,2.9121,0.0656,-0.2929,2.928
4.326000,3.1958,0.0149,-0.3412,3.214
4.331000,3.4720,-0.0018,-0.4469,3.501
4.336000,3.8082,-0.0227,-0.5634,3.850
4.344000,4.1862,-0.1163,-0.6535,4.238
4.346000,4.5505,-0.2935,-0.6892,4.612
4.350000,4.8205,-0.5477,-0.7070,4.903
4.377000,4.9538,-0.7750,-0.7531,5.070
4.378000,5.0591,-0.9528,-0.8693,5.221
4.378000,5.2651,-1.0834,-1.0639,5.480
4.379000,5.6038,-1.1357,-1.3066,5.865
4.380000,6.0203,-1.1596,-1.5242,6.318
4.381000,6.4811,-1.2399,-1.6582,6.804
4.384000,6.9062,-1.3871,-1.6590,7.237
4.389000,7.2478,-1.5795,-1.5611,7.580
4.394000,7.4634,-1.8469,-1.3953,7.814
4.398000,7.4746,-2.1265,-1.1936,7.862
4.404000,7.2751,-2.3206,-0.9966,7.701
4.409000,7.0002,-2.4566,-0.8442,7.467
4.413000,6.7741,-2.5753,-0.8012,7.291
4.418000,6.5853,-2.6705,-0.8132,7.153
4.423000,6.4034,-2.7931,-0.8354,7.036
4.428000,6.0680,-2.9835,-0.8789,6.819
4.433000,5.5511,-3.1559,-0.8884,6.447
4.443000,4.9670,-3.3366,-0.8742,6.047
4.445000,4.3466,-3.5495,-0.8884,5.682
4.447000,3.7093,-3.7443,-0.8828,5.344
4.475000,3.1941,-3.9516,-0.8691,5.155
4.476000,2.7915,-4.1860,-0.8154,5.097
4.477000,2.4650,-4.4263,-0.6833,5.112
4.478000,2.0666,-4.5623,-0.3781,5.023
4.478000,1.6193,-4.5698,0.0216,4.848
4.479000,1.1412,-4.5318,0.3166,4.684
4.481000,0.6096,-4.5081,0.4379,4.570
4.487000,0.0891,-4.5381,0.3981,4.556
4.491000,-0.4500,-4.6143,0.3214,4.647
4.497000,-0.9948,-4.6541,0.3127,4.769
4.501000,-1.4577,-4.6809,0.4255,4.921
4.507000,-1.8183,-4.7381,0.6569,5.117
4.512000,-2.1131,-4.8248,0.9409,5.351
4.516000,-2.3374,-4.9061,1.1626,5.557
4.521000,-2.4976,-4.9485,1.3179,5.698
4.526000,-2.5787,-4.9385,1.4270,5.751
4.531000,-2.5941,-4.8907,1.4952,5.734
4.536000,-2.5320,-4.8416,1.5061,5.668
4.544000,-2.4419,-4.7671,1.4248,5.542
4.547000,-2.3414,-4.6365,1.2315,5.338
4.550000,-2.1814,-4.4761,0.9487,5.069
4.563000,-1.9646,-4.3103,0.6281,4.778
4.564000,-1.7195,-4.1758,0.2936,4.525
4.565000,-1.4697,-4.0857,-0.0306,4.342
4.603000,-1.2463,-4.0112,-0.3378,4.214
4.604000,-1.0526,-3.9516,-0.5995,4.133
4.605000,-0.8961,-3.8864,-0.8547,4.079
4.605000,-0.7941,-3.8286,-1.0444,4.047
4.606000,-0.7206,-3.7692,-1.1445,4.005
4.606000,-0.6859,-3.7004,-1.1435,3.933
4.607000,-0.6471,-3.6161,-1.0337,3.816
4.607000,-0.5997,-3.5273,-0.8396,3.675
4.609000,-0.5575,-3.4516,-0.6054,3.548
4.613000,-0.4791,-3.3847,-0.3627,3.438
4.618000,-0.3700,-3.3192,-0.1332,3.342
4.623000,-0.2511,-3.2455,0.0853,3.256
4.628000,-0.1297,-3.1854,0.2563,3.198
4.633000,-0.0008,-3.1271,0.3534,3.147
4.637000,0.1411,-3.0741,0.3920,3.102
4.643000,0.2512,-3.0365,0.3796,3.070
4.647000,0.3337,-3.0314,0.3332,3.068
4.653000,0.3989,-3.0414,0.2526,3.078
4.659000,0.4639,-3.0431,0.1427,3.082
4.662000,0.5313,-3.0262,-0.0116,3.073
4.666000,0.6199,-3.0040,-0.2045,3.074
4.689000,0.7173,-2.9925,-0.4533,3.111
4.690000,0.8221,-2.9962,-0.7485,3.196
4.691000,0.9925,-3.0738,-1.0722,3.403
4.691000,1.3900,-3.3505,-1.4373,3.902
4.692000,1.9508,-3.8742,-1.8072,4.699
4.696000,2.3774,-4.4363,-2.1012,5.454
4.701000,2.4001,-4.7100,-2.1627,5.712
4.706000,2.2226,-4.6175,-1.8919,5.463
4.711000,2.2697,-4.3965,-1.4505,5.156
4.716000,2.7163,-4.3083,-0.9883,5.188
4.721000,3.2618,-4.3835,-0.4970,5.486
4.726000,3.6873,-4.5999,0.0116,5.895
4.731000,4.0421,-4.8946,0.4369,6.363
4.735000,4.3517,-5.1532,0.6855,6.780
4.741000,4.5397,-5.2005,0.7595,6.945
4.746000,4.6957,-5.0162,0.6367,6.901
4.750000,4.8669,-4.7278,0.3398,6.794
4.761000,5.0625,-4.4541,-0.0551,6.743
4.762000,5.2534,-4.1985,-0.4591,6.741
4.764000,5.3779,-3.9604,-0.7959,6.726
4.769000,5.3679,-3.7446,-1.0473,6.628
4.807000,5.3101,-3.5866,-1.2407,6.527
4.809000,5.2625,-3.4704,-1.3755,6.452
4.810000,5.2224,-3.3795,-1.4373,6.384
4.810000,5.0989,-3.2665,-1.4302,6.222
4.811000,4.8676,-3.0792,-1.4077,5.929
4.811000,4.6430,-2.8238,-1.3960,5.611
4.812000,4.4989,-2.5125,-1.3682,5.332
4.813000,4.4548,-2.1687,-1.3110,5.125
4.816000,4.4743,-1.7883,-1.2219,4.971
4.818000,4.4584,-1.3732,-1.0793,4.788
4.823000,4.3410,-0.9806,-0.8940,4.539
4.829000,4.1349,-0.6620,-0.6940,4.245
4.833000,3.8832,-0.4415,-0.4894,3.939
4.838000,3.5902,-0.3082,-0.2926,3.615
4.844000,3.2605,-0.2210,-0.1090,3.270
4.848000,2.9309,-0.1502,0.0429,2.935
4.853000,2.6247,-0.0928,0.1508,2.631
4.858000,2.3588,-0.0428,0.2199,2.369
4.862000,2.1532,0.0151,0.2582,2.169
4.867000,1.9823,0.0881,0.2592,2.001
4.878000,1.8153,0.1601,0.2309,1.837
4.879000,1.6556,0.2043,0.1586,1.676
4.883000,1.5487,0.1972,0.0690,1.563
4.887000,1.4850,0.1679,-0.0011,1.494
4.913000,1.4251,0.1655,-0.0597,1.436
4.914000,1.3844,0.2033,-0.1054,1.403
4.915000,1.3756,0.2392,-0.1539,1.405
4.915000,1.4190,0.2641,-0.1766,1.454
4.916000,1.4940,0.2903,-0.1378,1.528
4.916000,1.5465,0.3369,-0.0170,1.583
4.923000,1.5658,0.4207,0.1713,1.630
4.925000,1.5694,0.5330,0.3947,1.704
4.930000,1.5765,0.6414,0.6120,1.809
4.935000,1.6337,0.7163,0.7876,1.950
4.941000,1.7325,0.7515,0.9258,2.103
4.945000,1.8361,0.7776,1.0268,2.243
4.950000,1.9171,0.8128,1.0952,2.353
4.956000,2.0063,0.8506,1.1218,2.451
4.960000,2.1242,0.8990,1.1113,2.560
4.965000,2.2731,0.9554,1.0796,2.692
4.970000,2.4467,1.0152,1.0298,2.842
4.978000,2.6225,1.0792,0.9751,2.999
4.980000,2.7837,1.1461,0.9404,3.154
4.984000,2.9175,1.2088,0.9165,3.288
5.015000,3.0098,1.2491,0.9001,3.381
5.016000,3.0867,1.2586,0.8945,3.451
5.017000,3.1448,1.2403,0.9055,3.500
5.017000,3.1670,1.2042,0.9338,3.515
5.018000,3.1382,1.1483,0.9612,3.477
5.018000,3.0701,1.0745,0.9646,3.393
5.019000,2.9915,0.9590,0.9326,3.277
5.025000,2.8655,0.8206,0.8823,3.109
5.028000,2.7253,0.6826,0.8239,2.928
5.033000,2.5942,0.5591,0.7839,2.767
5.039000,2.4755,0.4441,0.7795,2.633
5.043000,2.3818,0.3318,0.8032,2.535
5.048000,2.3220,0.2226,0.8310,2.476
5.052000,2.2690,0.1030,0.8488,2.425
5.057000,2.1921,-0.0225,0.8571,2.354
5.062000,2.1076,-0.1458,0.8613,2.281
5.067000,2.0768,-0.2596,0.8686,2.266
5.073000,2.2055,-0.4474,0.8830,2.417
5.077000,2.5031,-0.7176,0.9060,2.757
5.082000,2.8142,-0.9430,0.8860,3.097
5.087000,3.0794,-1.0714,0.8296,3.364
5.096000,3.3338,-1.1608,0.7649,3.612
5.098000,3.6129,-1.2563,0.7065,3.890
5.101000,3.8697,-1.3425,0.6809,4.152
5.128000,4.0819,-1.4526,0.7038,4.389
5.130000,4.3383,-1.6106,0.7705,4.691
5.130000,4.7121,-1.8708,0.8047,5.133
5.131000,5.1692,-2.2840,0.7795,5.705
5.132000,5.5262,-2.7703,0.6950,6.221
5.132000,5.8001,-3.2267,0.5605,6.661
5.135000,6.0645,-3.7182,0.4098,7.125
5.141000,6.2601,-4.1938,0.3029,7.541
5.145000,6.3727,-4.5879,0.2096,7.855
5.150000,6.4706,-4.9534,0.1093,8.150
5.154000,6.5683,-5.3377,-0.0189,8.464
5.160000,6.5912,-5.7228,-0.2062,8.731
5.164000,6.4757,-6.0668,-0.3918,8.882
5.169000,6.2359,-6.3039,-0.5402,8.884
5.174000,5.9278,-6.3974,-0.6122,8.743
5.179000,5.5603,-6.3938,-0.6096,8.495
5.184000,5.1872,-6.3252,-0.5656,8.200
5.193000,4.8606,-6.1728,-0.5195,7.874
5.195000,4.6335,-5.9877,-0.5314,7.590
5.201000,4.4543,-5.7941,-0.5776,7.331
5.203000,4.2802,-5.6088,-0.6054,7.081
5.223000,4.1083,-5.4435,-0.5886,6.845
5.224000,3.8858,-5.2804,-0.5256,6.577
5.225000,3.5731,-5.1016,-0.4267,6.243
5.226000,3.2625,-4.9332,-0.3007,5.922
5.228000,2.9409,-4.7698,-0.1879,5.607
5.232000,2.6184,-4.6321,-0.1168,5.322
5.237000,2.3127,-4.5545,-0.1198,5.109
5.242000,1.9589,-4.5278,-0.1115,4.935
5.247000,1.5668,-4.4959,0.0631,4.761
5.252000,1.1925,-4.3770,0.4682,4.561
5.257000,0.8780,-4.2031,0.9494,4.398
5.262000,0.6028,-4.0146,1.3396,4.275
5.266000,0.3999,-3.8583,1.5452,4.175
5.271000,0.2698,-3.7665,1.5796,4.093
5.276000,0.1902,-3.7363,1.4947,4.029
5.281000,0.1135,-3.7016,1.3604,3.945
5.286000,0.0168,-3.6467,1.2229,3.846
5.291000,-0.1236,-3.5461,1.0762,3.708
5.296000,-0.2965,-3.4330,0.9099,3.564
5.301000,-0.4520,-3.3275,0.7631,3.444
5.310000,-0.5758,-3.2489,0.6418,3.361
5.312000,-0.6654,-3.1993,0.5585,3.315
5.315000,-0.7489,-3.1678,0.5534,3.302
5.320000,-0.8153,-3.1298,0.6337,3.296
5.342000,-0.8327,-3.1271,0.7607,3.324
5.343000,-0.8324,-3.1520,0.8979,3.381
5.343000,-0.8517,-3.1852,1.0254,3.453
5.344000,-0.8983,-3.2291,1.1213,3.534
5.344000,-0.9779,-3.2631,1.1970,3.611
5.350000,-1.0578,-3.2824,1.2422,3.665
5.355000,-1.0949,-3.2916,1.2385,3.683
5.360000,-1.1071,-3.3187,1.1809,3.692
5.364000,-1.1110,-3.3397,1.0798,3.682
5.369000,-1.0949,-3.3637,0.9797,3.671
5.374000,-1.0607,-3.3874,0.8855,3.658
5.379000,-1.0043,-3.4159,0.8037,3.650
5.384000,-0.9245,-3.4364,0.7392,3.635
5.390000,-0.8832,-3.4020,0.6801,3.580
5.394000,-0.9027,-3.3331,0.6174,3.508
5.399000,-0.9503,-3.2677,0.5515,3.447
5.404000,-1.0446,-3.2350,0.4838,3.434
5.409000,-1.1965,-3.2286,0.4108,3.468
5.413000,-1.3891,-3.2279,0.3151,3.528
5.418000,-1.5976,-3.2535,0.1371,3.627
5.434000,-1.8760,-3.3639,-0.1566,3.855
5.436000,-2.2632,-3.5548,-0.4826,4.242
5.437000,-2.6932,-3.7787,-0.6618,4.687
5.468000,-3.0353,-4.0410,-0.6254,5.093
5.469000,-3.1224,-4.2368,-0.4567,5.283
5.470000,-2.8868,-4.3276,-0.2543,5.208
5.471000,-2.3411,-4.3645,-0.1466,4.955
5.471000,-1.6948,-4.4033,-0.1393,4.720
5.472000,-1.0602,-4.4697,-0.2069,4.598
5.472000,-0.4391,-4.5728,-0.3412,4.606
5.475000,0.1465,-4.6968,-0.5068,4.726
5.478000,0.7503,-4.8501,-0.6491,4.951
5.482000,1.4022,-5.0672,-0.7473,5.310
5.486000,2.1044,-5.2616,-0.7705,5.719
5.491000,2.8594,-5.3456,-0.7509,6.109
5.496000,3.7005,-5.3109,-0.7841,6.520
5.501000,4.5680,-5.1712,-0.8823,6.956
5.507000,5.3977,-4.9625,-0.9887,7.399
5.510000,6.0777,-4.7205,-1.1250,7.777
5.515000,6.5692,-4.5039,-1.3455,8.078
5.520000,6.8776,-4.2710,-1.6206,8.256
5.526000,7.0578,-3.9997,-1.8638,8.324
5.531000,7.1721,-3.7446,-1.9154,8.314
5.536000,7.1445,-3.4941,-1.7647,8.147
5.545000,7.0964,-3.2304,-1.5843,7.956
5.546000,7.3347,-3.0526,-1.4624,8.078
5.549000,7.7109,-2.9415,-1.3455,8.362
5.554000,7.9385,-2.7222,-1.2165,8.480
5.576000,7.9939,-2.3682,-1.1018,8.410
5.577000,7.9939,-1.9026,-1.0593,8.285
5.577000,7.9939,-1.3625,-1.1123,8.185
5.578000,7.9939,-0.8353,-1.2571,8.135
5.579000,7.8164,-0.4141,-1.4690,7.964
5.584000,7.3425,-0.1011,-1.6697,7.531
5.589000,6.6544,0.0903,-1.7674,6.886
5.594000,5.8655,0.1792,-1.7452,6.122
5.598000,5.0544,0.1819,-1.5901,5.302
5.604000,4.3163,0.1445,-1.3203,4.516
5.609000,3.6744,0.1267,-0.9616,3.800
5.613000,3.1206,0.1562,-0.6003,3.182
5.618000,2.6804,0.2558,-0.2733,2.706
5.623000,2.3749,0.3921,0.0016,2.407
5.628000,2.1901,0.5413,0.2072,2.266
5.633000,2.0873,0.6951,0.3344,2.225
5.638000,2.0043,0.8509,0.4115,2.216
5.647000,1.9057,1.0052,0.4763,2.207
5.649000,1.7745,1.1773,0.5537,2.200
5.653000,1.6110,1.3514,0.6623,2.205
5.683000,1.4283,1.5111,0.7873,2.223
5.684000,1.2071,1.6766,0.9358,2.268
5.684000,0.9915,1.8532,1.0967,2.371
5.685000,0.8196,2.0275,1.2417,2.515
5.685000,0.7078,2.1894,1.3435,2.664
5.686000,0.6433,2.3122,1.3758,2.766
5.686000,0.5869,2.4006,1.3323,2.808
5.693000,0.4978,2.4609,1.2549,2.807
5.697000,0.3769,2.4936,1.2017,2.794
5.702000,0.2544,2.5339,1.1934,2.812
5.706000,0.1438,2.5845,1.2095,2.857
5.711000,0.0783,2.6343,1.2463,2.915
5.716000,0.0715,2.6514,1.2964,2.952
5.720000,0.1106,2.6191,1.3582,2.952
5.726000,0.1665,2.5251,1.4290,2.906
5.730000,0.1997,2.4079,1.4866,2.837
5.735000,0.2092,2.2636,1.4925,2.719
5.747000,0.2395,2.0934,1.4661,2.567
5.749000,0.2793,1.9145,1.4231,2.402
5.752000,0.3152,1.7252,1.3587,2.218
5.755000,0.3469,1.5565,1.2700,2.039
5.781000,0.3962,1.4171,1.1475,1.866
5.782000,0.4172,1.2799,0.9599,1.653
5.782000,0.4255,1.1514,0.7456,1.436
5.783000,0.4424,1.0438,0.5500,1.260
5.783000,0.4775,0.9749,0.3927,1.154
5.785000,0.5352,0.9285,0.2704,1.105
5.788000,0.6167,0.8973,0.1657,1.101
5.794000,0.7202,0.8865,0.0797,1.145
5.799000,0.8623,0.9124,0.0341,1.256
5.804000,1.0289,0.9481,0.0619,1.400
5.808000,1.2105,0.9590,0.1317,1.550
5.814000,1.3836,0.9224,0.1903,1.674
5.818000,1.5211,0.8558,0.2519,1.763
5.822000,1.6600,0.7891,0.3676,1.874
5.828000,1.8686,0.7432,0.5141,2.076
5.833000,2.1833,0.7259,0.6008,2.378
5.837000,2.5952,0.7115,0.5895,2.755
5.856000,2.9993,0.6575,0.5048,3.112
5.858000,3.3260,0.5979,0.3932,3.402
5.861000,3.5738,0.5425,0.2248,3.622
5.863000,3.7948,0.4556,-0.0331,3.822
5.865000,3.9791,0.3347,-0.3344,4.007
5.868000,4.1625,0.1660,-0.6320,4.213
5.871000,4.4074,-0.0467,-0.8872,4.496
5.896000,4.7382,-0.3226,-1.0549,4.865
5.897000,5.1333,-0.5907,-1.0989,5.283
5.897000,5.5484,-0.7723,-1.0058,5.691
5.898000,6.0321,-0.9074,-0.8107,6.154
5.899000,6.5285,-1.0409,-0.5221,6.632
5.901000,6.9435,-1.1484,-0.2040,7.041
5.906000,7.2785,-1.2521,0.0663,7.386
5.911000,7.5415,-1.3730,0.2604,7.670
5.915000,7.7056,-1.5300,0.3276,7.863
5.920000,7.7854,-1.7846,0.2682,7.992
5.926000,7.7500,-2.1485,0.1647,8.044
5.930000,7.5217,-2.5313,0.0343,7.936
5.935000,7.2104,-2.8722,-0.1200,7.762
5.940000,6.9787,-3.1871,-0.2931,7.678
5.945000,6.8263,-3.4655,-0.4240,7.667
5.950000,6.7504,-3.6554,-0.5588,7.697
5.954000,6.7274,-3.8102,-0.7558,7.768
5.962000,6.7238,-3.9919,-0.9409,7.876
5.964000,6.6859,-4.2053,-1.0879,7.973
5.969000,6.5700,-4.3767,-1.1894,7.983
5.973000,6.4086,-4.4519,-1.2187,7.898
5.985000,6.2525,-4.4714,-1.1926,7.779
5.986000,6.1197,-4.4837,-1.1438,7.672
5.989000,5.9815,-4.5095,-1.1006,7.571
5.995000,5.7559,-4.4880,-1.0940,7.380
5.998000,5.4934,-4.4219,-1.1330,7.142
6.003000,5.2136,-4.3713,-1.2400,6.916
6.008000,4.8903,-4.3533,-1.4370,6.703
6.013000,4.5041,-4.3782,-1.6963,6.506
6.017000,4.0079,-4.4402,-1.9383,6.288
6.023000,3.3526,-4.4981,-2.0094,5.959
6.027000,2.5783,-4.5276,-1.8348,5.524
6.032000,1.7850,-4.4922,-1.4666,5.051
6.037000,1.0855,-4.3652,-1.1245,4.637
6.042000,0.5869,-4.2373,-0.9670,4.386
6.047000,0.3313,-4.1846,-1.0669,4.331
6.052000,0.2246,-4.1636,-1.3096,4.370
6.057000,0.1443,-4.1284,-1.4942,4.393
6.062000,0.0231,-4.0356,-1.5262,4.315
6.067000,-0.0772,-3.9335,-1.4121,4.180
6.072000,-0.1094,-3.8986,-1.2561,4.097
6.081000,-0.1678,-3.9216,-1.2417,4.117
6.083000,-0.3072,-3.9411,-1.4021,4.194
6.086000,-0.4947,-3.9301,-1.6106,4.276
6.115000,-0.6678,-3.9165,-1.7581,4.345
6.116000,-0.8036,-3.8867,-1.8570,4.382
6.117000,-0.8991,-3.8391,-1.9344,4.392
6.118000,-1.0229,-3.7704,-1.9688,4.375
6.118000,-1.2060,-3.6706,-1.9713,4.337
6.119000,-1.4077,-3.6008,-1.9874,4.347
6.121000,-1.6289,-3.5653,-2.0003,4.401
6.126000,-1.9138,-3.5578,-1.9945,4.505
6.131000,-2.2535,-3.5656,-1.9771,4.658
6.135000,-2.6324,-3.5695,-1.9661,4.851
6.140000,-2.9769,-3.5441,-1.9845,5.036
6.145000,-3.2196,-3.5319,-1.9884,5.176
6.150000,-3.1986,-3.5219,-2.0001,5.161
6.154000,-3.2423,-3.4511,-1.8978,5.101
6.164000,-3.3317,-3.4406,-1.7151,5.087
6.166000,-3.1471,-3.5309,-1.6714,5.017
6.169000,-2.9918,-3.5512,-1.5730,4.903
6.173000,-2.8468,-3.5390,-1.4776,4.776
6.205000,-2.6143,-3.5754,-1.4300,4.654
6.206000,-2.3777,-3.6342,-1.3589,4.551
6.207000,-2.0935,-3.6755,-1.2993,4.425
6.207000,-1.7937,-3.6850,-1.2874,4.296
6.208000,-1.5698,-3.6532,-1.3186,4.189
6.209000,-1.4296,-3.6650,-1.4793,4.203
6.209000,-1.3144,-3.8515,-1.7063,4.413
6.216000,-1.2463,-4.1321,-1.8807,4.708
6.217000,-1.1574,-4.3853,-1.9005,4.917
6.223000,-0.8988,-4.5857,-1.7732,4.998
6.228000,-0.4693,-4.7510,-1.6224,5.042
6.232000,0.0466,-4.8472,-1.5459,5.088
6.237000,0.6463,-4.9327,-1.6368,5.237
6.244000,1.3006,-5.0447,-1.8463,5.527
6.247000,2.0653,-5.2003,-2.0103,5.946
6.252000,2.9976,-5.3204,-2.0098,6.429
6.257000,4.0341,-5.3141,-1.9305,6.945
6.262000,5.0744,-5.1471,-2.0472,7.512
6.267000,6.0470,-4.8621,-2.4459,8.136
6.272000,6.9223,-4.5725,-2.8656,8.777
6.281000,7.5945,-4.3584,-2.8791,9.217
6.283000,7.9939,-4.2561,-2.4535,9.383
6.288000,7.9939,-4.1633,-1.9005,9.211
6.291000,7.9939,-3.9819,-1.4588,9.049
6.313000,7.9939,-3.6952,-1.1042,8.876
6.315000,7.9939,-3.3065,-0.7663,8.685
6.315000,7.9939,-2.9247,-0.4230,8.523
6.316000,7.9939,-2.5713,-0.1852,8.399
6.316000,7.9939,-2.1409,-0.1461,8.277
6.320000,7.9939,-1.7182,-0.2836,8.181
6.326000,7.9939,-1.3840,-0.4504,8.125
6.330000,7.9844,-1.1205,-0.5610,8.082
6.335000,7.4866,-0.8983,-0.6096,7.565
6.340000,6.9247,-0.7159,-0.6315,6.990
6.345000,6.3595,-0.5899,-0.6459,6.419
6.350000,5.8016,-0.4959,-0.6337,5.857
6.355000,5.2400,-0.4129,-0.5888,5.289
6.360000,4.6757,-0.3409,-0.4884,4.714
6.365000,4.1349,-0.2723,-0.2726,4.153
6.370000,3.6256,-0.1993,0.1012,3.632
6.374000,3.1995,-0.1385,0.5397,3.248
6.380000,3.0940,0.0158,0.8325,3.204
6.384000,2.6916,0.1792,1.1956,2.951
6.389000,2.1308,0.1001,1.2337,2.464
6.399000,2.0202,0.0214,1.1570,2.328
6.401000,1.9933,0.1452,1.0852,2.274
6.403000,1.8085,0.3484,1.1023,2.146
6.408000,1.6085,0.3943,1.1001,1.988
6.438000,1.3961,0.3298,1.1235,1.822
6.438000,1.1500,0.3425,1.2192,1.711
6.439000,0.9246,0.4609,1.3706,1.716
6.439000,0.7627,0.6055,1.5120,1.798
6.440000,0.6087,0.7547,1.6224,1.890
6.441000,0.4690,0.8709,1.6912,1.959
6.448000,0.3686,0.9371,1.7415,2.012
6.449000,0.2956,0.9969,1.7784,2.060
6.452000,0.2248,1.0975,1.8253,2.142
6.457000,0.1972,1.2276,1.8319,2.214
6.462000,0.2126,1.3653,1.7625,2.240
6.467000,0.2129,1.5091,1.6438,2.242
6.471000,0.1667,1.6405,1.4839,2.218
6.476000,0.1179,1.7658,1.3162,2.205
6.481000,0.0996,1.8786,1.1580,2.209
6.486000,0.1147,1.9674,0.9892,2.205
6.491000,0.1533,2.0241,0.8415,2.197
6.496000,0.2627,2.0488,0.7905,2.212
6.501000,0.4531,2.0422,0.8943,2.275
6.506000,0.6455,2.0217,1.1326,2.406
6.516000,0.8279,1.9958,1.4551,2.605
6.518000,0.9993,1.9533,1.7735,2.821
6.520000,1.1199,1.8866,2.0189,2.982
6.525000,1.1705,1.7960,2.1942,3.068
6.555000,1.1739,1.6947,2.3082,3.095
6.556000,1.1697,1.5822,2.3212,3.043
6.556000,1.1949,1.4352,2.1947,2.882
6.557000,1.2117,1.2882,1.9793,2.654
6.557000,1.2369,1.1666,1.7454,2.437
6.558000,1.2867,1.0736,1.5386,2.275
6.561000,1.3768,0.9959,1.3936,2.198
6.564000,1.5331,0.9195,1.3411,2.235
6.569000,1.7457,0.8367,1.4178,2.400
6.574000,2.0175,0.7701,1.6033,2.690
6.579000,2.3974,0.7261,1.8875,3.136
6.584000,2.8115,0.7068,2.2174,3.650
6.589000,3.1599,0.7183,2.5260,4.109
6.594000,3.3997,0.7405,2.7463,4.433
6.599000,3.6058,0.7320,2.8403,4.648
6.603000,3.7992,0.7107,2.8154,4.782
6.608000,4.0199,0.6665,2.6579,4.865
6.613000,4.3678,0.5552,2.3361,4.984
6.618000,4.7937,0.4119,1.9166,5.179
6.623000,5.2585,0.2876,1.4490,5.462
6.634000,5.7501,0.1531,1.0124,5.841
6.636000,6.2281,0.0090,0.6372,6.261
6.638000,6.6999,-0.1500,0.3285,6.710
6.642000,7.1137,-0.3555,0.1156,7.124
6.685000,7.4033,-0.5682,-0.0196,7.425
6.687000,7.5422,-0.7382,-0.0699,7.579
6.688000,7.7783,-0.9804,-0.1740,7.842
6.688000,7.8211,-1.2043,-0.2516,7.917
6.689000,7.8299,-1.4494,-0.3361,7.970
6.689000,7.7849,-1.7400,-0.4428,7.989
6.690000,7.6729,-2.0269,-0.5749,7.957
6.691000,7.5393,-2.3201,-0.7543,7.924
6.692000,7.6221,-2.6824,-1.0334,8.146
6.692000,7.7988,-3.1251,-1.4182,8.521
6.698000,7.8433,-3.5143,-1.7906,8.779
6.700000,7.7354,-3.7770,-2.1163,8.865
6.706000,7.4619,-3.9108,-2.4386,8.770
6.715000,7.1418,-3.9751,-2.7143,8.612
6.717000,6.9328,-4.0439,-2.9340,8.545
6.720000,6.6798,-4.0815,-3.1088,8.423
6.724000,6.4147,-4.1374,-3.2273,8.287
6.760000,6.1900,-4.2922,-3.2824,8.217
6.761000,5.8900,-4.4834,-3.2619,8.089
6.762000,5.3779,-4.6067,-3.2356,7.785
6.763000,4.7536,-4.6880,-3.2334,7.418
6.764000,4.0634,-4.7393,-3.1572,6.996
6.765000,3.3433,-4.7078,-2.9650,6.491
6.766000,2.6926,-4.5679,-2.6215,5.915
6.766000,2.2275,-4.3999,-2.2030,5.401
6.770000,1.9499,-4.2930,-1.7877,5.043
6.774000,1.7242,-4.2243,-1.4182,4.778
6.779000,1.4774,-4.1716,-1.1077,4.562
6.784000,1.2005,-4.1487,-0.8935,4.410
6.789000,0.8821,-4.1990,-0.8156,4.367
6.794000,0.5483,-4.3315,-0.8015,4.439
6.799000,0.1775,-4.4924,-0.7727,4.562
6.803000,-0.2342,-4.6438,-0.7517,4.710
6.808000,-0.6515,-4.7574,-0.7302,4.857
6.813000,-0.9206,-4.8829,-0.6913,5.017
6.818000,-1.1125,-5.0191,-0.6987,5.188
6.823000,-1.3547,-5.0692,-0.6799,5.291
6.838000,-1.5244,-5.1151,-0.6579,5.378
6.840000,-1.6843,-5.1417,-0.6711,5.452
6.841000,-1.8992,-5.1419,-0.6562,5.521
6.846000,-2.1426,-5.1112,-0.5658,5.571
6.848000,-2.3438,-5.0684,-0.4738,5.604
6.895000,-2.5711,-5.0054,-0.3446,5.638
6.896000,-2.7345,-4.8638,-0.2934,5.587
6.897000,-2.7784,-4.7681,-0.3175,5.528
6.898000,-2.7830,-4.6809,-0.4098,5.461
6.898000,-2.7870,-4.5879,-0.5803,5.399
6.899000,-2.6971,-4.4700,-0.8022,5.282
6.900000,-2.5198,-4.3738,-1.0105,5.148
6.900000,-2.3069,-4.2993,-1.0840,4.998
6.901000,-2.0159,-4.2265,-1.0437,4.798
6.902000,-1.6028,-4.1433,-0.9541,4.544
6.902000,-1.1183,-4.0779,-0.9118,4.326
6.906000,-0.5638,-4.0063,-0.9402,4.154
6.911000,-0.1348,-3.9013,-0.9785,4.024
6.915000,0.2058,-3.8032,-1.0154,3.942
6.920000,0.4553,-3.7009,-1.0464,3.873
6.925000,0.6565,-3.6405,-1.0586,3.848
6.931000,0.8438,-3.6288,-1.0898,3.882
6.935000,1.0518,-3.6137,-1.1558,3.937
6.940000,1.2547,-3.5724,-1.2192,3.978
6.950000,1.4833,-3.5265,-1.2615,4.028
6.952000,1.7333,-3.5107,-1.2993,4.125
6.958000,2.0026,-3.4796,-1.3679,4.241
6.958000,2.2558,-3.3944,-1.4407,4.323
6.985000,2.4631,-3.3422,-1.5269,4.424
6.986000,2.5637,-3.3168,-1.5826,4.481
6.987000,2.6079,-3.3297,-1.5794,4.515
6.987000,2.6609,-3.5251,-1.5381,4.677
6.988000,2.5315,-3.8508,-1.5249,4.854
6.989000,2.2551,-4.1079,-1.5349,4.931
6.993000,2.0912,-4.2693,-1.5227,4.992
7.001000,2.2004,-4.4605,-1.4912,5.192
7.003000,2.5644,-4.6497,-1.4456,5.503
7.009000,3.2036,-4.8257,-1.3955,5.958
7.014000,4.0609,-5.0010,-1.4016,6.593
7.019000,4.8874,-5.1185,-1.4502,7.224
7.023000,5.5818,-5.1964,-1.4944,7.771
7.033000,6.1290,-5.2977,-1.4695,8.233
7.035000,6.4970,-5.3988,-1.3782,8.559
7.037000,6.7714,-5.4498,-1.2334,8.779
7.042000,7.1027,-5.3961,-1.1379,8.992
7.065000,7.5317,-5.2303,-1.1299,9.239
7.066000,7.9390,-5.0396,-1.1216,9.470
7.067000,7.9939,-4.7918,-1.0654,9.381
7.068000,7.9939,-4.5083,-1.0217,9.234
7.068000,7.9939,-4.1802,-1.0041,9.077
7.072000,7.9939,-3.6970,-1.0847,8.874
7.076000,7.9939,-3.1656,-1.2114,8.683
7.081000,7.7798,-2.6881,-1.3318,8.338
7.086000,7.1599,-2.3106,-1.4671,7.665
7.091000,6.6027,-1.9541,-1.6199,7.074
7.096000,6.0616,-1.6037,-1.8016,6.524
7.101000,5.6204,-1.3220,-2.0750,6.135
7.106000,5.2559,-1.0492,-2.3719,5.861
7.110000,4.9294,-0.7743,-2.6234,5.637
7.115000,4.5888,-0.5245,-2.7919,5.397
7.120000,4.2135,-0.3367,-2.8153,5.079
7.126000,3.8326,-0.2278,-2.6632,4.673
7.140000,3.4798,-0.1793,-2.3673,4.213
7.142000,3.1888,-0.1905,-1.9979,3.768
7.144000,2.9497,-0.2479,-1.5616,3.347
7.148000,2.7180,-0.2742,-1.0552,2.928
7.149000,2.5112,-0.2532,-0.5322,2.579
7.184000,2.3898,-0.2474,0.0104,2.403
7.185000,2.2248,-0.2090,0.5002,2.290
7.186000,2.0844,-0.1465,0.8120,2.242
7.186000,2.0114,-0.1006,0.9358,2.221
7.187000,1.9257,-0.0352,0.9375,2.142
7.187000,1.8307,0.0481,0.9277,2.053
7.187000,1.7260,0.1206,0.9548,1.976
7.190000,1.6078,0.2104,0.9851,1.897
7.193000,1.4938,0.3415,0.9629,1.810
7.198000,1.3624,0.4788,0.8425,1.672
7.203000,1.2017,0.5625,0.6350,1.471
7.208000,1.0018,0.5938,0.3368,1.212
7.213000,0.7854,0.6533,-0.0997,1.027
7.219000,0.6585,0.7317,-0.6557,1.183
7.223000,0.5847,0.8570,-1.2278,1.607
7.234000,0.5325,1.0777,-1.7347,2.110
7.236000,0.6050,1.3653,-2.0772,2.558
7.238000,0.8311,1.6312,-2.0828,2.773
7.242000,1.2669,1.6403,-1.5965,2.616
7.267000,2.0675,1.7658,-0.7709,2.826
7.269000,3.2420,1.7255,0.2521,3.681
7.269000,5.4678,1.1043,1.0444,5.675
7.269000,5.1653,1.2791,2.1576,5.742
7.270000,4.4064,1.5519,3.4050,5.781
7.273000,4.2252,1.3255,4.1580,6.074
7.276000,3.9164,1.2003,4.6105,6.167
7.281000,3.6295,1.1925,4.8090,6.142
7.286000,3.3958,1.1944,4.6705,5.897
7.291000,3.1675,1.2096,4.2315,5.422
7.297000,3.0005,1.2113,3.5982,4.839
7.301000,2.9360,1.1886,2.8849,4.284
7.305000,2.8914,1.1971,2.1781,3.813
7.310000,2.8623,1.2044,1.5088,3.453
7.316000,2.8501,1.1546,0.9011,3.204
7.321000,2.7986,1.0626,0.4435,3.026
7.325000,2.6826,0.9205,0.1891,2.842
7.330000,2.4729,0.7161,0.1251,2.577
7.335000,2.1896,0.4592,0.2013,2.246
7.340000,1.8815,0.2036,0.3070,1.917
7.344000,1.6237,0.0217,0.3180,1.655
7.350000,1.5082,-0.1080,0.2150,1.527
7.354000,1.5072,-0.2276,-0.0089,1.524
7.359000,1.6251,-0.3001,-0.2562,1.672
7.373000,1.7782,-0.3463,-0.4946,1.878
7.375000,1.9279,-0.3770,-0.6506,2.069
7.377000,2.0907,-0.4239,-0.7182,2.251
7.381000,2.3129,-0.5204,-0.7783,2.495
7.411000,2.5896,-0.6783,-0.9062,2.826
7.412000,2.8318,-0.8090,-1.0972,3.143
7.413000,2.9776,-0.8820,-1.3066,3.369
7.413000,3.0510,-0.9518,-1.5017,3.531
7.414000,3.1038,-1.0866,-1.6167,3.664
7.414000,3.1013,-1.2499,-1.5913,3.703
7.415000,3.0777,-1.4323,-1.4993,3.711
7.418000,3.0698,-1.6389,-1.4287,3.762
7.422000,3.1155,-1.9023,-1.4031,3.911
7.427000,3.2652,-2.2210,-1.4368,4.202
7.433000,3.3953,-2.5198,-1.4768,4.479
7.439000,3.4808,-2.6932,-1.5320,4.660
7.442000,3.5198,-2.7948,-1.6079,4.773
7.452000,3.5455,-2.8885,-1.6492,4.861
7.453000,3.5718,-2.9618,-1.6199,4.915
7.457000,3.6563,-3.0072,-1.5540,4.983
7.461000,3.8155,-3.0699,-1.4876,5.118
7.485000,4.0489,-3.2054,-1.4585,5.366
7.486000,4.3617,-3.4071,-1.4649,5.725
7.487000,4.6481,-3.5883,-1.5130,6.064
7.487000,4.8420,-3.6799,-1.5694,6.281
7.488000,4.9890,-3.7143,-1.5918,6.420
7.490000,5.1572,-3.8044,-1.6267,6.612
7.496000,5.3713,-4.0083,-1.7413,6.925
7.500000,5.5340,-4.2512,-1.8956,7.231
7.505000,5.5611,-4.4766,-2.0018,7.414
7.510000,5.5020,-4.7249,-2.0640,7.540
7.515000,5.3740,-4.9605,-2.0606,7.598
7.520000,5.2043,-5.1497,-2.0152,7.594
7.525000,5.0156,-5.3126,-1.9425,7.560
7.530000,4.7961,-5.4071,-1.8362,7.457
7.535000,4.5761,-5.4549,-1.7134,7.323
7.540000,4.3366,-5.4449,-1.5818,7.138
7.545000,4.1293,-5.4083,-1.4522,6.958
7.550000,3.9532,-5.3292,-1.3508,6.771
7.555000,3.7579,-5.2288,-1.3460,6.578
7.559000,3.5428,-5.0902,-1.3374,6.344
7.570000,3.3541,-4.9278,-1.3870,6.120
7.571000,3.1504,-4.7032,-1.4942,5.855
7.575000,2.9282,-4.4587,-1.5699,5.561
7.579000,2.6916,-4.2121,-1.6302,5.258
7.612000,2.4599,-3.9824,-1.6844,4.975
7.613000,2.2287,-3.7563,-1.7259,4.696
7.614000,2.1532,-3.6833,-2.0797,4.746
7.614000,1.7528,-3.2980,-1.7566,4.127
7.615000,1.4967,-3.0277,-1.5537,3.718
7.615000,1.4427,-2.9271,-1.4817,3.584
7.616000,1.2747,-2.7039,-1.3472,3.279
7.619000,1.1190,-2.4395,-1.1838,2.933
7.622000,1.1131,-2.2654,-1.0364,2.729
7.628000,1.1580,-2.1199,-0.8979,2.577
7.633000,1.1883,-1.9690,-0.7468,2.418
7.637000,1.2559,-1.8589,-0.6293,2.330
7.642000,1.3895,-1.7666,-0.5385,2.311
7.647000,1.5394,-1.7004,-0.5241,2.353
7.651000,1.6849,-1.6391,-0.5856,2.423
7.657000,1.8036,-1.5998,-0.7192,2.516
7.661000,1.8703,-1.6167,-0.9560,2.651
7.667000,1.8668,-1.7146,-1.2249,2.815
7.671000,1.7789,-1.9014,-1.4800,2.995
7.676000,1.5770,-2.1375,-1.6219,3.112
7.687000,1.2830,-2.3782,-1.6612,3.172
7.688000,0.9219,-2.5904,-1.5977,3.180
7.691000,0.5046,-2.7491,-1.4483,3.148
7.695000,0.1264,-2.8158,-1.2258,3.074
7.729000,-0.1231,-2.8336,-0.9253,2.983
7.730000,-0.2740,-2.8214,-0.5131,2.881
7.731000,-0.3368,-2.7906,-0.0345,2.811
7.732000,-0.3272,-2.7181,0.4408,2.773
7.732000,-0.2655,-2.6444,0.7697,2.767
7.733000,-0.1050,-2.6141,0.8774,2.759
7.733000,0.0571,-2.6453,0.7458,2.749
7.735000,0.0952,-2.7242,0.3876,2.753
7.740000,-0.0386,-2.8026,-0.1071,2.805
7.745000,-0.3077,-2.8499,-0.6164,2.932
7.750000,-0.5611,-2.8556,-1.0300,3.087
7.755000,-0.7069,-2.8609,-1.2651,3.207
7.759000,-0.7596,-2.8421,-1.2827,3.209
7.765000,-0.7472,-2.7879,-1.1387,3.103
7.769000,-0.6569,-2.7266,-0.8613,2.934
7.774000,-0.5270,-2.6685,-0.4848,2.763
7.778000,-0.3724,-2.6207,-0.0924,2.649
7.784000,-0.1849,-2.6148,0.2433,2.633
7.789000,-0.0250,-2.6524,0.4787,2.695
7.793000,0.0495,-2.7296,0.5937,2.794
7.804000,-0.0506,-2.8370,0.6052,2.901
7.806000,-0.3145,-2.9222,0.6005,3.000
7.808000,-0.7155,-2.9520,0.6215,3.100
7.812000,-1.1252,-2.9513,0.6916,3.233
7.841000,-1.4404,-2.9081,0.8166,3.346
7.842000,-1.6172,-2.8380,0.9472,3.401
7.843000,-1.6667,-2.7635,1.0156,3.383
7.844000,-1.6382,-2.6964,0.9712,3.301
7.844000,-1.5432,-2.6400,0.8545,3.175
7.845000,-1.4187,-2.5955,0.7382,3.049
7.847000,-1.3041,-2.5572,0.6437,2.942
7.852000,-1.2013,-2.5171,0.5827,2.849
7.856000,-1.0624,-2.4771,0.5400,2.749
7.862000,-0.8810,-2.4588,0.5112,2.661
7.867000,-0.7091,-2.4427,0.4631,2.585
7.871000,-0.5702,-2.4124,0.4057,2.512
7.876000,-0.4310,-2.3951,0.3647,2.461
7.882000,-0.2806,-2.4185,0.3407,2.458
7.886000,-0.1336,-2.4634,0.3388,2.490
7.891000,-0.0140,-2.5264,0.3488,2.550
7.896000,0.0720,-2.6185,0.3739,2.646
7.901000,0.1120,-2.6988,0.4106,2.732
7.905000,0.1836,-2.7613,0.3957,2.796
7.910000,0.3276,-2.8414,0.2675,2.873
7.921000,0.5566,-2.9234,0.0453,2.976
7.922000,0.7901,-2.9920,-0.2333,3.103
7.925000,0.9971,-3.0677,-0.5468,3.272
7.929000,1.1734,-3.1678,-0.8671,3.488
7.955000,1.3409,-3.2919,-1.1426,3.734
7.956000,1.5196,-3.4452,-1.3401,3.997
7.957000,1.7081,-3.6242,-1.4373,4.257
7.957000,1.8629,-3.8532,-1.4558,4.521
7.958000,1.9462,-4.0717,-1.3950,4.724
7.961000,2.0177,-4.2200,-1.2363,4.838
7.964000,2.1674,-4.3691,-1.0857,4.997
7.969000,2.4169,-4.5183,-1.0014,5.221
7.974000,2.7270,-4.6431,-0.9931,5.476
7.979000,3.0550,-4.7347,-1.0588,5.733
7.983000,3.3865,-4.7891,-1.1943,5.986
7.989000,3.6732,-4.8323,-1.3845,6.226
7.993000,3.8912,-4.8924,-1.5606,6.443
7.998000,4.0082,-4.9847,-1.6792,6.613
8.003000,4.0299,-5.1204,-1.7286,6.741
8.008000,3.9725,-5.2596,-1.6805,6.802
8.013000,3.9115,-5.3622,-1.5823,6.823
8.020000,3.9501,-5.4847,-1.5078,6.925
8.022000,4.0800,-5.6434,-1.4729,7.118
8.028000,4.1837,-5.7763,-1.4395,7.276
8.054000,4.2201,-5.8585,-1.3931,7.353
8.055000,4.2401,-5.9245,-1.3672,7.413
8.056000,4.2692,-5.9638,-1.3757,7.462
8.057000,4.3297,-5.9674,-1.3909,7.503
8.057000,4.4135,-5.9457,-1.3540,7.528
8.058000,4.4870,-5.8739,-1.2295,7.493
8.062000,4.5580,-5.7467,-1.0657,7.412
8.066000,4.6349,-5.6168,-0.9331,7.342
8.071000,4.7043,-5.5018,-0.8464,7.288
8.076000,4.7380,-5.4286,-0.7785,7.247
8.082000,4.7160,-5.3707,-0.6845,7.180
8.086000,4.6662,-5.3004,-0.5717,7.085
8.090000,4.6013,-5.2325,-0.4443,6.982
8.095000,4.5214,-5.1390,-0.3185,6.852
8.101000,4.4240,-4.9864,-0.2379,6.670
8.106000,4.3434,-4.8023,-0.2294,6.479
8.110000,4.3354,-4.6624,-0.2650,6.372
8.122000,4.3617,-4.5728,-0.2824,6.326
8.123000,4.3520,-4.4268,-0.2494,6.213
8.125000,4.3459,-4.1977,-0.1581,6.044
8.129000,4.3554,-3.9040,-0.0399,5.849
8.162000,4.3134,-3.5651,0.0416,5.596
8.164000,4.1571,-3.2316,0.0829,5.266
8.165000,3.9110,-2.9002,0.0827,4.870
8.165000,3.6456,-2.6194,0.0924,4.490
8.166000,3.4122,-2.3968,0.1234,4.172
8.167000,3.2217,-2.2224,0.1601,3.917
8.168000,3.0405,-2.0733,0.2077,3.686
8.170000,2.8669,-1.9524,0.2611,3.478
8.174000,2.6953,-1.8310,0.3168,3.274
8.179000,2.5483,-1.7231,0.3705,3.098
8.184000,2.4177,-1.6298,0.4167,2.945
8.189000,2.3105,-1.5478,0.4711,2.821
8.193000,2.2211,-1.4526,0.5077,2.702
8.198000,2.1813,-1.3283,0.4958,2.602
8.203000,2.1708,-1.1945,0.4626,2.521
8.208000,2.1493,-1.0368,0.3674,2.414
8.213000,2.1239,-0.8659,0.2228,2.304
8.217000,2.0944,-0.6898,0.0558,2.206
8.222000,2.0788,-0.5145,-0.1173,2.145
8.227000,2.0378,-0.3790,-0.2677,2.090
8.237000,1.9337,-0.2244,-0.3488,1.978
8.238000,1.8327,-0.0872,-0.3786,1.873
8.242000,1.7919,-0.0184,-0.3844,1.833
8.246000,1.7846,-0.0152,-0.3798,1.825
8.278000,1.7985,-0.0152,-0.3810,1.838
8.279000,1.8527,0.0236,-0.4020,1.896
8.280000,1.9516,0.0742,-0.4435,2.003
8.281000,2.0209,0.1372,-0.4672,2.079
8.281000,2.0724,0.2510,-0.4635,2.138
8.282000,2.1679,0.4246,-0.4328,2.251
8.283000,2.3991,0.6082,-0.3874,2.505
8.286000,2.6846,0.7693,-0.3261,2.812
8.291000,2.9080,0.9200,-0.2433,3.060
8.296000,3.0286,1.0721,-0.1420,3.216
8.302000,3.0974,1.2069,-0.0751,3.325
8.305000,3.1360,1.2926,-0.0807,3.393
8.310000,3.1397,1.3416,-0.1642,3.418
8.316000,3.1233,1.3424,-0.3224,3.415
8.320000,3.1074,1.3082,-0.5068,3.409
8.325000,3.1048,1.2435,-0.6708,3.411
8.330000,3.1363,1.1358,-0.8010,3.430
8.335000,3.2002,0.9588,-0.8891,3.457
8.339000,3.2759,0.6680,-0.9233,3.468
8.345000,3.3199,0.2969,-0.9201,3.458
8.357000,3.2090,-0.0821,-0.8503,3.321
8.359000,2.9666,-0.3931,-0.6696,3.067
8.362000,2.6159,-0.6207,-0.4684,2.729
8.363000,2.2482,-0.8009,-0.2604,2.401
8.401000,1.9718,-0.9555,-0.0443,2.192
8.402000,1.8327,-1.1127,0.2116,2.154
8.402000,1.7838,-1.2140,0.5190,2.219
8.403000,1.7711,-1.2758,0.8442,2.340
8.404000,1.7750,-1.3185,1.1448,2.490
8.404000,1.8278,-1.3371,1.3894,2.657
8.405000,1.8568,-1.3422,1.4961,2.736
8.405000,1.9340,-1.3239,1.4651,2.764
8.409000,2.0700,-1.3224,1.3438,2.800
8.413000,2.2302,-1.3534,1.1633,2.856
8.418000,2.3818,-1.4584,0.9780,2.959
8.422000,2.4768,-1.6538,0.8640,3.101
8.427000,2.5031,-1.8916,0.8327,3.246
8.434000,2.4709,-2.1099,0.9070,3.373
8.437000,2.4189,-2.2669,1.0820,3.487
8.442000,2.4345,-2.3689,1.2871,3.633
8.447000,2.5075,-2.4795,1.4451,3.811
8.451000,2.5825,-2.5643,1.6182,3.983
8.456000,2.6941,-2.6068,1.7520,4.138
8.461000,2.8237,-2.6270,1.8096,4.260
8.471000,2.9829,-2.6973,1.7987,4.406
8.471000,3.2063,-2.8314,1.6780,4.595
8.476000,3.4881,-3.0106,1.4129,4.819
8.480000,3.8055,-3.2223,1.0957,5.105
8.514000,4.2118,-3.5419,0.7514,5.554
8.515000,4.7416,-4.0346,0.3888,6.238
8.515000,5.1880,-4.5105,0.0075,6.875
8.516000,5.4041,-4.7891,-0.3410,7.229
8.516000,5.4898,-4.8895,-0.6164,7.377
8.517000,5.5659,-4.9500,-0.7849,7.490
8.518000,5.5664,-5.0540,-0.9091,7.573
8.520000,5.4839,-5.2245,-1.0256,7.643
8.524000,5.3543,-5.4440,-1.2239,7.733
8.529000,5.2588,-5.6630,-1.4798,7.869
8.535000,5.2644,-5.8126,-1.7220,8.029
8.539000,5.3386,-5.8871,-1.9114,8.174
8.544000,5.3704,-5.8798,-1.9928,8.209
8.550000,5.3408,-5.7768,-1.9576,8.107
8.555000,5.3635,-5.6483,-1.8694,8.010
8.559000,5.4404,-5.5533,-1.7605,7.971
8.564000,5.5030,-5.5441,-1.6375,7.981
8.572000,5.5066,-5.5992,-1.5064,7.996
8.575000,5.3701,-5.6095,-1.4111,7.893
8.581000,5.1355,-5.5179,-1.3855,7.664
8.610000,4.8835,-5.3729,-1.4190,7.398
8.611000,4.6061,-5.2078,-1.4842,7.109
8.612000,4.3241,-5.0355,-1.5601,6.818
8.613000,4.0409,-4.8284,-1.5772,6.491
8.613000,3.7906,-4.5906,-1.5447,6.150
8.614000,3.5728,-4.3569,-1.4832,5.826
8.615000,3.3821,-4.1440,-1.3831,5.525
8.621000,3.2356,-3.9472,-1.2627,5.258
8.622000,3.0911,-3.7888,-1.1282,5.018
8.628000,2.9136,-3.6767,-1.0083,4.798
8.632000,2.7055,-3.5680,-0.9167,4.571
8.637000,2.5036,-3.4684,-0.8654,4.364
8.642000,2.3068,-3.3781,-0.8012,4.168
8.647000,2.0658,-3.2467,-0.6364,3.900
8.652000,1.8143,-3.0804,-0.3874,3.596
8.657000,1.5516,-2.9293,-0.1217,3.317
8.661000,1.2862,-2.8123,0.0502,3.093
8.673000,1.0250,-2.7222,0.0592,2.909
8.674000,0.7862,-2.6512,-0.1151,2.768
8.676000,0.5391,-2.5718,-0.4206,2.661
8.681000,0.2878,-2.4817,-0.7629,2.612
8.728000,0.0231,-2.3824,-1.0481,2.603
8.728000,-0.1927,-2.2622,-1.2410,2.587
8.729000,-0.3392,-2.1433,-1.3032,2.531
8.730000,-0.4254,-2.0415,-1.2612,2.437
8.730000,-0.5028,-1.9658,-1.1741,2.344
8.731000,-0.5992,-1.9080,-1.0449,2.256
8.731000,-0.7093,-1.8691,-0.8889,2.188
8.732000,-0.8451,-1.8225,-0.7158,2.133
8.732000,-0.9945,-1.7690,-0.4960,2.089
8.733000,-1.1701,-1.7050,-0.2580,2.084
8.736000,-1.4011,-1.6679,0.0026,2.178
8.740000,-1.6274,-1.6609,0.2250,2.336
8.745000,-1.7978,-1.7065,0.3276,2.500
8.750000,-1.9204,-1.7590,0.2939,2.621
8.754000,-2.0386,-1.7993,0.1373,2.723
8.759000,-2.1306,-1.8281,-0.0609,2.808
8.764000,-2.2039,-1.8469,-0.2553,2.887
8.773000,-2.2430,-1.8381,-0.4081,2.928
8.774000,-2.2080,-1.8152,-0.5002,2.902
8.778000,-2.1118,-1.7837,-0.5092,2.811
8.783000,-2.0095,-1.7341,-0.4587,2.694
8.819000,-1.9094,-1.6648,-0.3717,2.560
8.820000,-1.8147,-1.5822,-0.2645,2.422
8.821000,-1.7358,-1.4882,-0.1605,2.292
8.821000,-1.6853,-1.3723,-0.0612,2.174
8.822000,-1.6743,-1.2375,0.0211,2.082
8.823000,-1.6899,-1.0941,0.0890,2.015
8.823000,-1.7217,-0.9545,0.1266,1.973
8.824000,-1.7463,-0.8153,0.1334,1.932
8.827000,-1.7446,-0.6857,0.1212,1.878
8.832000,-1.7236,-0.5787,0.1134,1.822
8.837000,-1.6794,-0.5038,0.1483,1.760
8.842000,-1.6377,-0.4244,0.2248,1.707
8.847000,-1.5586,-0.3277,0.3112,1.623
8.852000,-1.3608,-0.2261,0.3576,1.425
8.857000,-1.0617,-0.1617,0.3466,1.128
8.862000,-0.8204,-0.1294,0.2641,0.872
8.866000,-0.7062,-0.1019,0.1310,0.725
8.872000,-0.6830,-0.0989,-0.0133,0.690
8.876000,-0.7247,-0.1446,-0.1659,0.757
8.881000,-0.7863,-0.2081,-0.3019,0.868
8.891000,-0.8522,-0.2598,-0.3837,0.970
8.892000,-0.8913,-0.3096,-0.3947,1.023
8.895000,-0.8871,-0.3775,-0.3471,1.025
8.929000,-0.8681,-0.4737,-0.2572,1.022
8.930000,-0.8537,-0.5824,-0.1378,1.043
8.930000,-0.8473,-0.6915,0.0089,1.094
8.931000,-0.8444,-0.8204,0.1820,1.191
8.931000,-0.8134,-0.9738,0.3759,1.323
8.932000,-0.7338,-1.1530,0.5685,1.480
8.933000,-0.6268,-1.3530,0.7246,1.658
8.936000,-0.5138,-1.5356,0.8347,1.822
8.939000,-0.3346,-1.7131,0.8647,1.948
8.944000,-0.0328,-1.9231,0.8064,2.086
8.949000,0.3337,-2.1489,0.7014,2.285
8.953000,0.7852,-2.3565,0.5554,2.545
8.959000,1.3368,-2.5401,0.3886,2.897
8.963000,1.8874,-2.7003,0.2094,3.301
8.968000,2.3713,-2.7989,0.0363,3.669
8.973000,2.7590,-2.8563,-0.1615,3.975
8.978000,3.0437,-2.9249,-0.3488,4.236
8.983000,3.2110,-2.9974,-0.4953,4.420
8.992000,3.2342,-3.0255,-0.5876,4.468
8.994000,3.1685,-3.0260,-0.6386,4.428
8.998000,3.0291,-3.0174,-0.6130,4.319
9.051000,2.8591,-3.0353,-0.5646,4.208
9.052000,2.7334,-3.1219,-0.5246,4.182
9.053000,2.6379,-3.2433,-0.5116,4.212
9.054000,2.5451,-3.3209,-0.4985,4.214
9.054000,2.4804,-3.3358,-0.4298,4.179
9.055000,2.5131,-3.3424,-0.3156,4.194
9.055000,2.5849,-3.3554,-0.1640,4.239
9.056000,2.5779,-3.3239,-0.0245,4.206
9.056000,2.4890,-3.2628,0.0807,4.105
9.057000,2.4270,-3.2377,0.1417,4.049
9.058000,2.4250,-3.2523,0.1542,4.060
9.058000,2.4541,-3.2997,0.1120,4.114
9.062000,2.4357,-3.3505,0.0118,4.142
9.066000,2.3498,-3.3683,-0.1522,4.110
9.071000,2.2612,-3.3720,-0.3893,4.079
9.077000,2.1850,-3.4142,-0.6708,4.109
9.081000,2.0390,-3.4696,-0.9487,4.135
9.085000,1.7904,-3.5109,-1.1843,4.115
9.091000,1.5348,-3.5502,-1.3657,4.102
9.095000,1.3387,-3.5878,-1.4397,4.091
9.100000,1.1988,-3.6178,-1.4046,4.062
9.106000,1.1414,-3.6279,-1.2974,4.018
9.110000,1.2091,-3.6093,-1.1040,3.963
9.115000,1.3949,-3.5873,-0.8693,3.946
9.124000,1.6473,-3.5651,-0.6313,3.978
9.125000,1.8856,-3.4989,-0.4350,3.998
9.129000,2.0404,-3.3849,-0.2892,3.963
9.134000,2.1540,-3.2584,-0.2101,3.912
9.160000,2.2282,-3.1434,-0.2128,3.859
9.161000,2.2551,-3.0875,-0.3302,3.838
9.162000,2.1852,-3.0992,-0.5141,3.827
9.163000,2.0092,-3.1576,-0.7158,3.810
9.163000,1.8085,-3.2208,-0.8657,3.794
9.164000,1.6227,-3.2955,-0.9328,3.790
9.170000,1.4908,-3.3485,-0.9148,3.778
9.173000,1.4620,-3.4057,-0.8620,3.805
9.178000,1.5704,-3.5473,-0.7680,3.955
9.183000,1.6759,-3.7414,-0.3241,4.112
9.188000,1.8405,-3.7949,0.5766,4.257
9.193000,1.8400,-3.7646,0.8874,4.283
9.197000,1.7887,-3.9140,0.0578,4.304
9.207000,2.3679,-4.1767,-1.3240,4.980
9.208000,3.6930,-4.4397,-2.4369,6.268
9.212000,5.1787,-4.2783,-2.7470,7.257
9.217000,5.7037,-3.5021,-2.2955,7.076
9.244000,5.1321,-2.6724,-1.3897,5.951
9.245000,4.0729,-2.2781,-0.5895,4.704
9.246000,3.1109,-2.2376,-0.0175,3.832
9.246000,2.3823,-2.3870,0.3830,3.394
9.246000,1.9618,-2.6170,0.6665,3.338
9.247000,1.7528,-2.7721,0.9165,3.405
9.254000,1.6002,-2.7506,1.1143,3.372
9.256000,1.4305,-2.6077,1.1668,3.195
9.261000,1.2166,-2.4151,1.0808,2.912
9.265000,1.0108,-2.2293,0.9302,2.619
9.271000,0.8890,-2.1155,0.7485,2.414
9.275000,0.9285,-2.0818,0.5754,2.351
9.280000,1.0692,-2.0886,0.4142,2.383
9.285000,1.2083,-2.0703,0.3083,2.417
9.290000,1.3402,-2.0288,0.2072,2.440
9.295000,1.4618,-1.9780,0.1395,2.464
9.300000,1.5795,-1.9133,0.1120,2.484
9.306000,1.7242,-1.8232,0.1442,2.514
9.311000,1.8595,-1.6760,0.2306,2.514
9.315000,1.9750,-1.4882,0.3522,2.498
9.329000,2.0685,-1.2846,0.4640,2.479
9.331000,2.1310,-1.0880,0.5278,2.450
9.332000,2.1899,-0.9144,0.5309,2.432
9.373000,2.2431,-0.7462,0.4811,2.412
9.374000,2.2966,-0.5855,0.3771,2.400
9.375000,2.3173,-0.4229,0.2450,2.368
9.375000,2.2580,-0.2586,0.0868,2.274
9.376000,2.1186,-0.1172,-0.0739,2.123
9.376000,1.9464,-0.0127,-0.2025,1.957
9.377000,1.7858,0.0612,-0.2782,1.808
9.377000,1.6517,0.1115,-0.3095,1.684
9.378000,1.5443,0.1499,-0.2982,1.580
9.379000,1.4378,0.1804,-0.2506,1.471
9.383000,1.3126,0.2043,-0.1896,1.342
9.388000,1.1839,0.2148,-0.1405,1.211
9.393000,1.0753,0.1963,-0.1054,1.098
9.398000,0.9822,0.1574,-0.0780,0.998
9.403000,0.9048,0.1252,-0.0096,0.914
9.408000,0.8362,0.1069,0.1256,0.852
9.412000,0.7766,0.1233,0.3285,0.852
9.417000,0.7505,0.1621,0.5512,0.945
9.422000,0.7903,0.2048,0.7729,1.124
9.427000,0.8807,0.2473,0.9136,1.293
9.432000,0.9778,0.2998,0.9700,1.410
9.443000,1.0919,0.3640,0.9419,1.487
9.444000,1.2464,0.4270,0.8681,1.578
9.447000,1.4129,0.4937,0.8059,1.700
9.451000,1.5565,0.5691,0.7468,1.818
9.484000,1.6617,0.6573,0.6972,1.918
9.485000,1.7184,0.7652,0.6523,1.991
9.486000,1.8075,0.8692,0.6159,2.098
9.486000,1.9628,0.9380,0.5974,2.256
9.487000,2.1642,0.9771,0.6225,2.455
9.487000,2.3923,0.9966,0.6750,2.678
9.488000,2.5920,1.0008,0.7209,2.871
9.490000,2.7126,0.9786,0.7243,2.973
9.495000,2.7280,0.9268,0.6469,2.953
9.500000,2.6540,0.8362,0.5007,2.827
9.505000,2.5141,0.7029,0.3471,2.634
9.510000,2.3574,0.5427,0.2328,2.430
9.515000,2.1784,0.3779,0.2033,2.220
9.526000,2.0446,0.2231,0.2335,2.070
9.528000,1.9345,0.0854,0.3676,1.971
9.530000,1.8468,-0.0174,0.5847,1.937
9.534000,1.7899,-0.0845,0.8296,1.975
9.571000,1.7794,-0.1461,1.0322,2.062
9.572000,1.8092,-0.2242,1.1646,2.163
9.572000,1.8705,-0.3211,1.2197,2.256
9.573000,1.9315,-0.4232,1.2117,2.319
9.573000,1.9777,-0.5570,1.1279,2.344
9.574000,1.9850,-0.7037,0.9848,2.325
9.574000,1.9591,-0.8278,0.7556,2.257
9.575000,1.9367,-0.9279,0.4870,2.202
9.578000,1.9203,-1.0519,0.1664,2.196
9.583000,1.9289,-1.1996,-0.1234,2.275
9.588000,2.0614,-1.5043,-0.3610,2.577
9.593000,2.2538,-1.9009,-0.5439,2.998
9.597000,2.3535,-2.1726,-0.6210,3.263
9.603000,2.4314,-2.3094,-0.5663,3.401
9.608000,2.5471,-2.3980,-0.4257,3.524
9.613000,2.6997,-2.4896,-0.2504,3.681
9.617000,2.8328,-2.5855,-0.0775,3.836
9.622000,2.9375,-2.6859,0.0814,3.981
9.628000,3.1111,-2.8304,0.1940,4.210
9.632000,3.3729,-3.0575,0.2560,4.560
9.643000,3.6661,-3.3397,0.2677,4.966
9.644000,3.9366,-3.6569,0.2314,5.378
9.647000,4.1354,-3.9902,0.2060,5.750
9.651000,4.2096,-4.2698,0.2335,6.001
9.690000,4.2514,-4.4668,0.3088,6.174
9.691000,4.3778,-4.6001,0.4125,6.364
9.692000,4.5883,-4.7305,0.4889,6.608
9.693000,4.8620,-4.8497,0.5129,6.886
9.693000,5.1846,-4.9661,0.4694,7.195
9.694000,5.4910,-5.0931,0.3764,7.499
9.694000,5.7320,-5.2545,0.2465,7.780
9.695000,5.9273,-5.4628,0.1115,8.061
9.696000,6.0633,-5.7030,0.0275,8.324
9.700000,6.1427,-5.9670,0.0057,8.564
9.705000,6.1788,-6.2431,0.0988,8.784
9.712000,6.1688,-6.5141,0.2829,8.976
9.714000,6.0858,-6.7832,0.4921,9.126
9.721000,5.8502,-7.0279,0.7268,9.173
9.725000,5.4905,-7.1768,1.0334,9.095
9.730000,5.1116,-7.2015,1.4373,8.947
9.735000,4.6284,-7.1060,1.8018,8.670
9.740000,4.0438,-6.9014,1.9923,8.243
9.745000,3.4385,-6.6619,1.8880,7.731
9.749000,2.8980,-6.3967,1.4605,7.173
9.760000,2.5337,-6.1284,0.8803,6.690
9.762000,2.3630,-5.8769,0.4101,6.347
9.765000,2.3142,-5.6744,0.1925,6.131
9.768000,2.2624,-5.5333,0.2404,5.983
9.802000,2.0324,-5.4308,0.5178,5.822
9.803000,1.4427,-5.3023,0.9031,5.569
9.804000,0.6436,-5.1544,1.2686,5.347
9.804000,-0.0333,-5.0792,1.5721,5.317
9.805000,-0.5135,-5.0848,1.8045,5.420
9.805000,-0.9279,-5.0582,2.0106,5.522
9.806000,-1.3637,-4.8963,2.2557,5.561
9.809000,-1.7075,-4.6739,2.5128,5.574
9.812000,-1.8979,-4.5877,2.6525,5.629
9.817000,-2.1934,-4.5943,2.6083,5.720
9.822000,-2.6156,-4.5520,2.4469,5.792
9.828000,-2.9212,-4.5144,2.2577,5.832
9.831000,-3.0934,-4.4876,2.0924,5.838
9.836000,-3.1849,-4.4365,1.9329,5.793
9.842000,-3.2306,-4.3750,1.8062,5.731
9.846000,-3.2531,-4.3530,1.7139,5.698
9.851000,-3.2953,-4.4119,1.6753,5.756
9.858000,-3.3883,-4.5186,1.7112,5.901
9.860000,-3.5336,-4.6245,1.7947,6.090
9.866000,-3.6857,-4.7193,1.8656,6.272
9.898000,-3.8300,-4.7818,1.9159,6.419
9.899000,-3.9328,-4.8228,1.9046,6.508
9.900000,-3.9414,-4.8746,1.7962,6.521
9.900000,-3.8593,-4.9114,1.6211,6.453
9.901000,-3.6681,-4.9166,1.4490,6.303
9.902000,-3.3588,-4.9178,1.2847,6.092
9.903000,-2.9652,-4.9119,1.1621,5.854
9.906000,-2.5501,-4.8956,1.0254,5.614
9.910000,-2.1187,-4.8638,0.8430,5.372
9.915000,-1.6811,-4.8279,0.6411,5.152
9.919000,-1.2768,-4.8033,0.4931,4.994
9.924000,-0.9347,-4.7911,0.4474,4.902
9.929000,-0.6388,-4.8091,0.4719,4.874
9.934000,-0.3775,-4.8548,0.5065,4.896
9.940000,-0.1021,-4.9429,0.4621,4.966
9.944000,0.1733,-5.0955,0.3144,5.108
9.949000,0.3550,-5.3326,0.1251,5.346
9.959000,0.4329,-5.5795,0.0658,5.597
9.961000,0.5906,-5.8290,0.1273,5.860
9.964000,0.9610,-6.2114,0.1642,6.287
9.968000,1.3346,-6.6199,0.1818,6.755
10.003000,1.5987,-6.9070,0.2594,7.094
10.004000,1.9997,-7.1785,0.3503,7.460
10.005000,2.6775,-7.4715,0.3339,7.944
10.006000,3.5736,-7.7076,0.2387,8.499
10.007000,4.5890,-7.8656,0.1146,9.107
10.007000,5.5723,-7.9503,0.0187,9.709
10.008000,6.3778,-7.9718,-0.0255,10.209
10.009000,6.9079,-7.8973,-0.0338,10.492
10.012000,7.1535,-7.7306,-0.0546,10.533
10.017000,7.2009,-7.5782,-0.1376,10.455
10.028000,7.1120,-7.5081,-0.2968,10.346
10.030000,6.9658,-7.4732,-0.5092,10.229
10.033000,6.8073,-7.3997,-0.6928,10.078
10.036000,6.6183,-7.2134,-0.7871,9.821
10.066000,6.5160,-6.9002,-0.8293,9.527
10.067000,6.5568,-6.5517,-0.9118,9.314
10.068000,6.6430,-6.2011,-1.0276,9.145
10.068000,6.6310,-5.8161,-1.1047,8.889
10.069000,6.4784,-5.3558,-1.1265,8.481
10.070000,6.2682,-4.8103,-1.1169,7.980
10.098000,6.0662,-4.2148,-1.1177,7.471
10.100000,5.8609,-3.6073,-1.0962,6.969
10.100000,5.6600,-3.0155,-0.9770,6.487
10.101000,5.4695,-2.4563,-0.7673,6.045
10.101000,5.2571,-1.9387,-0.5370,5.629
10.102000,5.0071,-1.5109,-0.3246,5.240
10.102000,4.6791,-1.1962,-0.1415,4.832
10.111000,4.3317,-0.9855,-0.0194,4.442
10.112000,3.9762,-0.8170,0.0663,4.060
10.114000,3.6407,-0.6913,0.1085,3.707
10.119000,3.3641,-0.5687,0.1051,3.413
10.125000,3.1695,-0.4498,0.0695,3.202
10.129000,3.0430,-0.3052,0.0614,3.059
10.134000,2.9495,-0.1351,0.0272,2.953
10.156000,2.7942,0.0061,-0.0739,2.795
10.157000,2.5610,0.1157,-0.2028,2.572
10.158000,2.2704,0.2156,-0.2299,2.292
10.158000,2.0700,0.3223,-0.1193,2.098
10.159000,2.0400,0.4099,0.0599,2.082
10.163000,2.1127,0.4622,0.3258,2.187
10.168000,2.1974,0.5142,0.6948,2.361
10.173000,2.2690,0.6214,1.2002,2.641
10.178000,2.3686,0.8089,1.8057,3.086
10.182000,2.5031,1.0106,2.3932,3.608
10.192000,2.6389,1.1995,2.8110,4.038
10.194000,2.7500,1.3968,2.9956,4.300
10.197000,2.8420,1.5731,2.9391,4.381
10.201000,2.9712,1.6986,2.6671,4.339
10.230000,3.1548,1.7750,2.2211,4.247
10.231000,3.3697,1.8275,1.6780,4.185
10.231000,3.5289,1.8461,1.1284,4.139
10.232000,3.6385,1.8371,0.5873,4.118
10.232000,3.6429,1.8361,0.1332,4.082
10.232000,3.5272,1.8114,-0.1180,3.967
10.236000,3.3658,1.7387,-0.1002,3.790
10.241000,3.1858,1.6237,0.1415,3.579
10.245000,3.0305,1.4991,0.4570,3.412
10.250000,2.9233,1.3731,0.7202,3.309
10.256000,2.8315,1.2650,0.8806,3.224
10.261000,2.7446,1.1756,0.9846,3.144
10.265000,2.6870,1.0679,1.0491,3.076
10.272000,2.6523,0.9517,1.0962,3.024
10.275000,2.6362,0.8538,1.0923,2.979
10.280000,2.6399,0.7745,1.0178,2.933
10.284000,2.6479,0.6785,0.8552,2.864
10.291000,2.6509,0.5523,0.6523,2.785
10.294000,2.6262,0.4348,0.4633,2.702
10.299000,2.5984,0.3396,0.2868,2.636
10.304000,2.6020,0.2637,0.1000,2.617
10.309000,2.6684,0.2075,-0.1376,2.680
10.314000,2.7786,0.1596,-0.4079,2.813
10.318000,2.8789,0.0720,-0.6423,2.951
10.340000,2.9710,-0.0877,-0.7351,3.062
10.341000,2.9771,-0.2530,-0.7475,3.080
10.341000,2.9729,-0.4156,-0.7282,3.089
10.342000,2.9646,-0.5628,-0.7084,3.100
10.343000,2.9412,-0.6439,-0.7614,3.106
10.348000,3.0081,-0.7328,-0.8483,3.210
10.353000,3.1336,-0.8524,-0.8811,3.365
10.358000,3.3008,-0.9782,-0.8698,3.551
10.363000,3.5435,-1.1317,-0.8623,3.818
10.368000,3.8021,-1.3471,-0.9084,4.135
10.374000,4.0140,-1.5783,-0.9958,4.427
10.379000,4.1911,-1.8030,-1.1050,4.694
10.383000,4.4167,-2.0195,-1.1787,4.997
10.387000,4.6696,-2.2173,-1.1655,5.299
10.392000,4.9228,-2.4051,-1.0718,5.583
10.397000,5.1702,-2.6273,-0.9636,5.879
10.402000,5.4129,-2.8958,-0.9026,6.205
10.409000,5.6656,-3.1747,-0.9084,6.558
10.411000,5.9505,-3.4660,-0.9851,6.956
10.416000,6.2816,-3.7746,-1.1316,7.415
10.421000,6.6403,-4.1394,-1.2581,7.925
10.436000,6.9433,-4.4751,-1.3208,8.365
10.437000,7.1782,-4.7320,-1.3062,8.696
10.438000,7.3696,-4.9830,-1.2520,8.984
10.441000,7.4836,-5.2528,-1.1953,9.221
10.445000,7.4697,-5.5421,-1.0891,9.365
10.451000,7.3088,-5.8092,-0.8850,9.378
10.456000,7.0541,-6.0048,-0.6486,9.287
10.460000,6.8473,-6.1340,-0.4655,9.205
10.465000,6.6723,-6.2358,-0.3302,9.139
10.470000,6.5121,-6.3105,-0.2597,9.072
10.475000,6.3014,-6.3418,-0.2399,8.943
10.480000,6.0711,-6.3164,-0.2997,8.766
10.485000,5.9337,-6.3332,-0.4848,8.692
10.491000,5.5428,-6.3288,-0.7734,8.448
10.495000,4.9475,-6.2133,-1.0747,8.015
10.500000,4.2741,-6.1176,-1.4402,7.600
10.505000,3.6236,-6.0734,-1.6980,7.273
10.514000,3.0186,-5.9946,-1.6492,6.911
10.515000,2.5197,-5.9057,-1.2402,6.539
10.520000,2.0690,-5.7838,-0.5973,6.172
10.556000,1.5726,-5.6283,0.0675,5.844
10.558000,1.0413,-5.4247,0.5849,5.555
10.559000,0.5535,-5.2237,0.8696,5.324
10.559000,0.1860,-5.0760,0.9470,5.167
10.560000,-0.0774,-4.9610,0.9258,5.047
10.561000,-0.3299,-4.8240,0.9270,4.923
10.561000,-0.5758,-4.6729,0.9233,4.798
10.561000,-0.7399,-4.5703,0.8073,4.700
10.564000,-0.8820,-4.5095,0.5932,4.633
10.568000,-1.0727,-4.4055,0.3713,4.549
10.573000,-1.2670,-4.2612,0.1798,4.449
10.578000,-1.4260,-4.1501,0.0592,4.389
10.582000,-1.5551,-4.1111,-0.0880,4.396
10.587000,-1.6367,-4.1553,-0.3402,4.479
10.592000,-1.6948,-4.2192,-0.6257,4.590
10.597000,-1.7751,-4.2629,-0.8061,4.688
10.602000,-1.8684,-4.3130,-0.8105,4.770
10.613000,-1.9424,-4.3977,-0.6762,4.855
10.614000,-1.9929,-4.4795,-0.4653,4.925
10.616000,-2.0318,-4.5479,-0.2423,4.987
10.622000,-2.0698,-4.5818,-0.0377,5.028
10.660000,-2.0918,-4.5503,0.1459,5.010
10.661000,-2.0591,-4.4905,0.3034,4.949
10.662000,-1.9888,-4.4243,0.4020,4.867
10.663000,-1.9314,-4.3579,0.4084,4.784
10.663000,-1.8721,-4.2844,0.2919,4.685
10.664000,-1.7551,-4.2046,0.0880,4.557
10.665000,-1.6084,-4.1321,-0.1041,4.435
10.666000,-1.4870,-4.0600,-0.2016,4.328
10.667000,-1.3908,-4.0022,-0.2079,4.242
10.670000,-1.2941,-3.9567,-0.1837,4.167
10.675000,-1.1867,-3.9260,-0.1776,4.105
10.681000,-1.0714,-3.9001,-0.2099,4.050
10.685000,-0.9071,-3.8703,-0.2812,3.985
10.692000,-0.6329,-3.8938,-0.4045,3.966
10.695000,-0.3482,-4.0224,-0.5949,4.081
10.700000,-0.2030,-4.1863,-0.8706,4.281
10.705000,-0.1412,-4.3105,-1.1362,4.460
10.710000,-0.1634,-4.3545,-1.3191,4.553
10.714000,-0.1339,-4.3220,-1.3311,4.524
10.719000,0.1316,-4.3027,-1.2119,4.472
10.730000,0.5798,-4.3489,-1.0647,4.515
10.732000,1.0755,-4.4299,-0.9685,4.660
10.734000,1.4991,-4.5457,-0.9426,4.878
10.738000,1.8493,-4.7303,-0.9870,5.174
10.766000,2.1889,-4.9796,-1.0591,5.542
10.768000,2.5915,-5.2831,-1.1431,5.994
10.768000,3.0718,-5.5875,-1.1514,6.479
10.769000,3.5347,-5.7750,-1.0530,6.852
10.769000,4.0499,-5.8302,-0.9338,7.160
10.770000,4.7067,-5.8471,-0.9240,7.563
10.774000,5.4597,-5.8361,-0.9944,8.053
10.778000,6.1837,-5.7648,-1.0842,8.523
10.783000,6.8083,-5.6246,-1.1411,8.905
10.787000,7.2285,-5.4322,-1.1650,9.117
10.793000,7.3620,-5.2049,-1.1990,9.096
10.798000,7.2053,-4.9859,-1.2751,8.854
10.802000,6.8620,-4.8130,-1.3569,8.491
10.807000,6.4782,-4.7305,-1.4119,8.145
10.812000,6.1593,-4.7122,-1.3933,7.879
10.817000,5.9278,-4.6995,-1.3086,7.677
10.822000,5.7825,-4.6272,-1.1746,7.499
10.826000,5.7359,-4.4534,-1.0132,7.332
10.831000,5.8426,-4.1562,-0.8271,7.218
10.836000,6.0443,-3.7709,-0.5641,7.146
10.846000,6.2540,-3.3053,-0.2543,7.078
10.848000,6.4310,-2.7943,0.0385,7.012
10.851000,6.5253,-2.2976,0.3083,6.925
10.856000,6.5582,-1.8389,0.5119,6.830
10.887000,6.4425,-1.3737,0.6440,6.619
10.888000,6.0535,-0.9159,0.6916,6.161
10.888000,5.5591,-0.5914,0.6086,5.624
10.889000,4.9980,-0.3956,0.4648,5.035
10.891000,4.4545,-0.3170,0.3671,4.481
10.891000,3.9747,-0.2757,0.3676,4.001
10.892000,3.5555,-0.2144,0.4867,3.595
10.895000,3.2246,-0.1211,0.6523,3.292
10.899000,2.9507,0.0102,0.8200,3.063
10.905000,2.7239,0.1760,0.9636,2.895
10.910000,2.5398,0.3464,1.0622,2.775
10.915000,2.3754,0.5178,1.0596,2.652
10.919000,2.1926,0.6592,1.0124,2.503
10.924000,2.0468,0.7713,0.9858,2.399
10.929000,1.8996,0.8755,0.9739,2.307
10.933000,1.7738,0.9664,0.9700,2.241
10.938000,1.7106,1.0257,1.0088,2.235
10.944000,1.7164,1.0701,1.1836,2.344
10.949000,1.7526,1.1019,1.5235,2.570
10.954000,1.8129,1.1156,2.0135,2.930
10.965000,1.8930,1.1234,2.5722,3.385
10.968000,1.9809,1.1368,3.1088,3.858
10.969000,2.0492,1.1424,3.5269,4.236
10.972000,2.0910,1.1566,3.7732,4.466
11.008000,2.1174,1.1944,3.8257,4.533
11.009000,2.1325,1.2386,3.6626,4.415
11.010000,2.1379,1.2945,3.3308,4.164
11.011000,2.1503,1.3824,2.8644,3.839
11.011000,2.2067,1.4860,2.2875,3.509
11.012000,2.2934,1.5760,1.6172,3.219
11.013000,2.4033,1.6884,0.9326,3.082
11.013000,2.5134,1.8051,0.3007,3.109
11.017000,2.5561,1.9128,-0.1644,3.197
11.022000,2.5053,1.9965,-0.4408,3.234
11.027000,2.3872,2.0248,-0.5571,3.179
11.031000,2.2455,1.9889,-0.5776,3.055
11.036000,2.1164,1.8876,-0.5424,2.887
11.046000,2.0172,1.7550,-0.4567,2.713
11.047000,1.9572,1.6014,-0.3170,2.549
11.051000,1.9208,1.4669,-0.1298,2.420
11.056000,1.9086,1.3514,0.0770,2.340
11.099000,1.9389,1.2257,0.2900,2.312
11.100000,2.0851,1.0628,0.4789,2.389
11.101000,2.3100,0.8621,0.6079,2.539
11.101000,2.4470,0.7034,0.6645,2.631
11.101000,2.5578,0.6040,0.6591,2.710
11.102000,2.7334,0.5166,0.5969,2.845
11.102000,2.9104,0.4365,0.5156,2.988
11.103000,3.0774,0.3552,0.4614,3.132
11.103000,3.2596,0.2158,0.4430,3.297
11.105000,3.4952,0.0254,0.4443,3.523
11.110000,3.7831,-0.2025,0.4452,3.815
11.114000,4.0807,-0.4767,0.4201,4.130
11.119000,4.3651,-0.7780,0.3652,4.449
11.124000,4.5912,-1.0700,0.2936,4.723
11.129000,4.8186,-1.3427,0.2191,5.007
11.134000,5.0293,-1.5930,0.1845,5.279
11.139000,5.2153,-1.8398,0.1830,5.533
11.144000,5.4348,-2.1106,0.1762,5.833
11.149000,5.7210,-2.4520,0.1330,6.226
11.154000,6.0384,-2.8416,0.0687,6.674
11.166000,6.3343,-3.2350,-0.0060,7.113
11.168000,6.5614,-3.6176,-0.0497,7.493
11.169000,6.6708,-3.9782,-0.0448,7.767
11.174000,6.6930,-4.3093,-0.0321,7.960
11.178000,6.6754,-4.6282,-0.0463,8.123
11.185000,6.6041,-4.9224,-0.0790,8.237
11.187000,6.5209,-5.1646,-0.1119,8.319
11.231000,6.4291,-5.3629,-0.1488,8.374
11.232000,6.3368,-5.5365,-0.1896,8.417
11.233000,6.2572,-5.6703,-0.2372,8.448
11.233000,6.1632,-5.7345,-0.2919,8.423
11.234000,6.0572,-5.7440,-0.3549,8.355
11.234000,5.7779,-5.7255,-0.4306,8.146
11.235000,5.2759,-5.6681,-0.4967,7.759
11.235000,4.7346,-5.6141,-0.6081,7.369
11.236000,4.2797,-5.6212,-0.7763,7.107
11.236000,3.8995,-5.6390,-0.8527,6.909
11.242000,3.5980,-5.6361,-0.7016,6.723
11.246000,3.3116,-5.5941,-0.2382,6.505
11.250000,2.9578,-5.4652,0.3610,6.225
11.255000,2.6374,-5.3133,0.8232,5.989
11.261000,2.3339,-5.2078,0.9802,5.790
11.266000,2.0382,-5.1156,0.9697,5.591
11.271000,1.7797,-5.0465,0.9306,5.431
11.282000,1.5665,-5.0218,0.9074,5.338
11.284000,1.3209,-5.0299,0.9136,5.280
11.286000,1.0574,-5.0643,0.8828,5.248
11.290000,0.8150,-5.0902,0.7929,5.216
11.328000,0.5530,-5.0972,0.6704,5.171
11.330000,0.2768,-5.1456,0.5671,5.184
11.330000,-0.0201,-5.2594,0.4982,5.283
11.331000,-0.4444,-5.3646,0.5598,5.412
11.332000,-1.0185,-5.3485,0.7651,5.498
11.332000,-1.5840,-5.2696,1.0586,5.603
11.333000,-1.9988,-5.1788,1.3445,5.712
11.334000,-2.2415,-5.1224,1.5364,5.799
11.335000,-2.3545,-5.1090,1.6104,5.851
11.338000,-2.3758,-5.0408,1.6758,5.819
11.343000,-2.3001,-4.9148,1.7064,5.688
11.348000,-2.1646,-4.8077,1.6136,5.514
11.353000,-1.9695,-4.7227,1.4368,5.315
11.359000,-1.7126,-4.6275,1.2410,5.088
11.364000,-1.4091,-4.4995,1.0967,4.841
11.368000,-1.0758,-4.3582,0.9761,4.594
11.373000,-0.7606,-4.2131,0.8637,4.367
11.378000,-0.4557,-4.0686,0.7656,4.165
11.383000,-0.1671,-3.9323,0.6562,3.990
11.387000,0.0874,-3.8027,0.5402,3.842
11.399000,0.2754,-3.6740,0.4557,3.712
11.401000,0.3992,-3.5512,0.3798,3.594
11.403000,0.4817,-3.4596,0.3005,3.506
11.407000,0.5315,-3.4057,0.2118,3.453
11.444000,0.5581,-3.3800,0.1117,3.428
11.445000,0.5449,-3.3561,0.0265,3.400
11.446000,0.4990,-3.3253,-0.0458,3.363
11.447000,0.4756,-3.3121,-0.1234,3.348
11.447000,0.4995,-3.3231,-0.2072,3.367
11.448000,0.5147,-3.3258,-0.2858,3.378
11.448000,0.5708,-3.2907,-0.4101,3.365
11.449000,0.6946,-3.2472,-0.5571,3.367
11.452000,0.9070,-3.2379,-0.6979,3.434
11.455000,1.2804,-3.4157,-0.8186,3.738
11.462000,1.6593,-3.7673,-0.9738,4.230
11.466000,1.9025,-4.1286,-1.1545,4.690
11.471000,1.9948,-4.3420,-1.3347,4.961
11.476000,2.0558,-4.3386,-1.4800,5.024
11.481000,2.3710,-4.2563,-1.5865,5.124
11.485000,2.9937,-4.2778,-1.6961,5.490
11.490000,3.7408,-4.4285,-1.7767,6.063
11.497000,4.3966,-4.6531,-1.7967,6.649
11.500000,4.9279,-4.9109,-1.7193,7.166
11.504000,5.3692,-5.1397,-1.5779,7.598
11.536000,5.7015,-5.1986,-1.4390,7.849
11.537000,5.9368,-5.0521,-1.3235,7.907
11.538000,6.0955,-4.7823,-1.2234,7.844
11.538000,6.1534,-4.4734,-1.1460,7.693
11.539000,6.1490,-4.1753,-1.0283,7.503
11.539000,6.1295,-3.9360,-0.8877,7.338
11.540000,6.0653,-3.7534,-0.7395,7.171
11.544000,5.9288,-3.5780,-0.6120,6.952
11.548000,5.7535,-3.3512,-0.4799,6.676
11.553000,5.5547,-3.0944,-0.3390,6.367
11.558000,5.3789,-2.8277,-0.2360,6.081
11.563000,5.2307,-2.5860,-0.2011,5.839
11.568000,5.0737,-2.3982,-0.2746,5.619
11.573000,4.9719,-2.2779,-0.4667,5.489
11.579000,4.9399,-2.1716,-0.7180,5.444
11.583000,4.8698,-1.9841,-0.9841,5.350
11.588000,4.9026,-1.7573,-1.2046,5.345
11.599000,5.0095,-1.5144,-1.4114,5.420
11.600000,4.8259,-1.1986,-1.5481,5.208
11.603000,4.4967,-0.9005,-1.5576,4.843
11.607000,4.1466,-0.7086,-1.4680,4.456
11.646000,3.7909,-0.6351,-1.2930,4.055
11.647000,3.4512,-0.6651,-1.0666,3.673
11.648000,3.1619,-0.7601,-0.8122,3.352
11.648000,2.9043,-0.8895,-0.5124,3.080
11.649000,2.6616,-1.0187,-0.1996,2.857
11.650000,2.4436,-1.1230,0.1068,2.691
11.651000,2.2685,-1.1945,0.4157,2.597
11.651000,2.1283,-1.2463,0.7153,2.568
11.652000,2.0207,-1.2660,0.9924,2.583
11.656000,1.9267,-1.2372,1.2166,2.593
11.662000,1.8212,-1.1584,1.3902,2.567
11.665000,1.7367,-1.0548,1.4536,2.498
11.670000,1.6813,-0.9225,1.4388,2.397
11.675000,1.6146,-0.7723,1.3513,2.243
11.680000,1.5128,-0.6144,1.1748,2.012
11.685000,1.4232,-0.4742,0.8974,1.748
11.690000,1.3492,-0.3839,0.5837,1.519
11.694000,1.2462,-0.3514,0.3913,1.353
11.700000,1.0916,-0.3199,0.4045,1.207
11.704000,0.9119,-0.2686,0.5729,1.110
11.714000,0.7605,-0.2452,0.8025,1.132
11.717000,0.6624,-0.2711,1.0735,1.290
11.718000,0.5454,-0.3265,1.4148,1.551
11.724000,0.3867,-0.3900,1.8165,1.898
11.756000,0.3000,-0.4627,2.2408,2.308
11.757000,0.3240,-0.5309,2.6100,2.683
11.758000,0.3857,-0.5772,2.9179,2.999
11.758000,0.4451,-0.5670,3.1447,3.226
11.759000,0.5208,-0.5006,3.2895,3.368
11.760000,0.6509,-0.3968,3.3467,3.432
11.761000,0.8286,-0.2899,3.3122,3.427
11.764000,1.0023,-0.1876,3.2248,3.382
11.768000,1.1683,-0.1050,3.0886,3.304
11.773000,1.2992,-0.0318,2.9572,3.230
11.778000,1.4032,0.0329,2.8473,3.174
11.783000,1.5033,0.0825,2.7792,3.161
11.788000,1.6112,0.1128,2.7624,3.200
11.794000,1.7499,0.1313,2.7494,3.262
11.797000,1.8952,0.1311,2.7165,3.315
11.802000,1.9970,0.1076,2.6532,3.323
11.807000,2.0224,0.0861,2.5668,3.269
11.812000,2.0048,0.0688,2.4713,3.183
11.817000,1.9777,0.0459,2.3739,3.090
11.822000,1.9152,0.0078,2.2562,2.959
11.837000,1.8239,-0.0296,2.0919,2.775
11.839000,1.7282,-0.0723,1.9268,2.589
11.841000,1.7157,-0.1356,1.7733,2.471
11.842000,1.7716,-0.2435,1.6316,2.421
11.891000,1.8917,-0.3472,1.5044,2.442
11.892000,2.0380,-0.4295,1.3731,2.495
11.893000,2.1764,-0.4510,1.2454,2.548
11.894000,2.3232,-0.4281,1.1375,2.622
11.894000,2.5002,-0.4215,1.0427,2.742
11.895000,2.6784,-0.4859,0.9656,2.888
11.896000,2.8364,-0.6056,0.9187,3.042
11.897000,2.9697,-0.7316,0.8315,3.170
11.897000,3.0879,-0.8363,0.6823,3.271
11.898000,3.2325,-0.9328,0.5368,3.407
11.899000,3.4185,-1.0180,0.4255,3.592
11.902000,3.6290,-1.0707,0.3510,3.800
11.904000,3.8883,-1.1249,0.2975,4.059
11.909000,4.1815,-1.2428,0.2980,4.372
11.915000,4.4933,-1.4435,0.3503,4.732
11.918000,4.8132,-1.6928,0.4472,5.122
11.923000,5.1269,-1.9111,0.5729,5.501
11.948000,5.4737,-2.1218,0.7492,5.918
11.949000,5.8956,-2.4353,0.9338,6.447
11.950000,6.3368,-2.8680,1.0552,7.035
11.951000,6.7406,-3.3598,1.0891,7.610
11.951000,7.0837,-3.8898,1.0893,8.155
11.953000,7.3647,-4.4800,1.0505,8.684
11.958000,7.5522,-5.1319,0.9658,9.182
11.963000,7.6316,-5.8122,0.8589,9.631
11.968000,7.6272,-6.5127,0.7680,10.059
11.972000,7.3908,-7.1253,0.8322,10.300
11.982000,7.5159,-7.8033,1.1472,10.895
11.984000,7.7105,-7.9962,0.8586,11.141
11.987000,7.6350,-7.9962,0.3400,11.061
11.991000,7.2285,-7.9962,-0.2016,10.781
12.013000,6.7963,-7.9962,-0.7011,10.518
12.014000,6.3209,-7.9962,-1.2942,10.275
12.015000,5.7210,-7.9962,-1.9244,10.019
12.015000,4.9104,-7.9962,-2.4496,9.698
12.017000,3.9950,-7.9615,-2.7292,9.316
12.021000,3.1238,-7.4432,-2.7013,8.512
12.026000,2.3703,-6.8801,-2.4974,7.694
12.032000,1.8114,-6.3366,-2.2965,6.979
12.036000,1.4942,-5.8886,-2.1021,6.429
12.041000,1.4012,-5.5446,-1.7979,5.995
12.072000,1.3871,-5.2252,-1.3252,5.566
12.073000,1.3492,-4.9012,-0.7475,5.138
12.074000,1.2564,-4.6216,-0.2121,4.794
12.075000,1.1922,-4.4365,0.1691,4.597
12.075000,1.1466,-4.3037,0.4482,4.476
12.076000,1.1505,-4.1963,0.6210,4.395
12.077000,1.1649,-4.1076,0.7251,4.331
12.108000,1.1470,-4.0459,0.6994,4.263
12.109000,1.0718,-4.0246,0.5104,4.196
12.109000,0.9483,-4.0556,0.2001,4.170
12.110000,0.8206,-4.1233,-0.2357,4.211
12.110000,0.6726,-4.1660,-0.7717,4.290
12.111000,0.4558,-4.1667,-1.3533,4.405
12.111000,0.1433,-4.1259,-1.9342,4.559
12.120000,-0.2442,-4.0395,-2.4347,4.723
12.121000,-0.6246,-3.8801,-2.7836,4.816
12.124000,-0.8830,-3.6803,-2.9274,4.785
12.133000,-0.9843,-3.4784,-2.8459,4.601
12.134000,-0.9562,-3.2675,-2.5966,4.282
12.138000,-0.8341,-3.0482,-2.2623,3.887
12.143000,-0.6820,-2.8346,-1.9415,3.503
12.149000,-0.5064,-2.6466,-1.6853,3.178
12.153000,-0.3214,-2.4957,-1.5000,2.929
12.157000,-0.2095,-2.3636,-1.4124,2.761
12.163000,-0.2083,-2.2500,-1.4627,2.692
12.167000,-0.2769,-2.1348,-1.6123,2.690
12.172000,-0.3736,-2.0337,-1.7889,2.734
12.196000,-0.4664,-1.9429,-1.9530,2.794
12.197000,-0.5345,-1.8335,-2.0655,2.813
12.197000,-0.5536,-1.7009,-2.0924,2.753
12.198000,-0.5155,-1.5654,-2.0262,2.612
12.198000,-0.4349,-1.4223,-1.9070,2.418
12.201000,-0.3057,-1.2448,-1.7278,2.151
12.207000,-0.1151,-1.0465,-1.5308,1.858
12.212000,0.1543,-0.8571,-1.3618,1.616
12.217000,0.4119,-0.6844,-1.2075,1.448
12.221000,0.5674,-0.5243,-1.1042,1.348
12.226000,0.6152,-0.3558,-1.0613,1.277
12.231000,0.6575,-0.2164,-1.0156,1.229
12.236000,0.7290,-0.1255,-0.8855,1.154
12.241000,0.7752,-0.0352,-0.6496,1.012
12.254000,0.8098,0.0476,-0.3449,0.882
12.256000,0.8567,0.0984,-0.0204,0.863
12.258000,0.9244,0.0954,0.2826,0.971
12.261000,0.9805,0.0627,0.5624,1.132
12.299000,1.0296,0.0498,0.8281,1.322
12.300000,1.1756,0.0632,0.9565,1.517
12.300000,1.4535,0.0542,0.9892,1.759
12.301000,1.6696,0.0625,1.4304,2.199
12.302000,1.8783,0.1277,1.9598,2.718
12.302000,2.0927,0.2585,2.4179,3.208
12.303000,2.2499,0.4016,2.6986,3.536
12.303000,2.3271,0.5217,2.7990,3.677
12.304000,2.3337,0.5996,2.7948,3.690
12.309000,2.2673,0.6385,2.7223,3.600
12.314000,2.1454,0.6668,2.5802,3.421
12.318000,2.0192,0.6988,2.4037,3.216
12.324000,1.9052,0.7254,2.1930,2.994
12.328000,1.8104,0.7432,1.9896,2.791
12.333000,1.7306,0.7520,1.8135,2.617
12.338000,1.6583,0.7476,1.6761,2.473
12.343000,1.5765,0.7351,1.5569,2.335
12.348000,1.4825,0.7181,1.4597,2.201
12.353000,1.3836,0.7017,1.3675,2.068
12.358000,1.2835,0.6729,1.2827,1.935
12.366000,1.1903,0.6345,1.1934,1.801
12.368000,1.0948,0.6011,1.0952,1.661
12.372000,0.9974,0.5772,0.9824,1.514
12.377000,0.8912,0.5542,0.8650,1.360
12.407000,0.7830,0.5252,0.7526,1.206
12.408000,0.6704,0.4954,0.6425,1.052
12.409000,0.5449,0.4609,0.5297,0.889
12.409000,0.4258,0.4221,0.4379,0.742
12.409000,0.3320,0.3772,0.3676,0.623
12.410000,0.2644,0.3403,0.3061,0.529
12.411000,0.2190,0.3069,0.2594,0.458
12.418000,0.1833,0.2685,0.2152,0.390
12.421000,0.1460,0.2383,0.1776,0.331
12.426000,0.1032,0.2038,0.1413,0.269
12.431000,0.0615,0.1748,0.1066,0.214
12.436000,0.0290,0.1484,0.1037,0.183
12.440000,0.0056,0.1369,0.1303,0.189
12.446000,-0.0179,0.1303,0.1708,0.216
12.451000,-0.0362,0.1318,0.2140,0.254
12.456000,-0.0320,0.1406,0.2428,0.282
12.460000,0.0043,0.1516,0.2538,0.296
12.465000,0.0625,0.1584,0.2604,0.311
12.470000,0.1164,0.1704,0.2641,0.335
12.475000,0.1406,0.1919,0.2624,0.354
12.488000,0.1276,0.2060,0.2607,0.356
12.489000,0.0879,0.2239,0.2428,0.342
12.492000,0.0158,0.2312,0.1911,0.300
12.494000,-0.0652,0.2173,0.0936,0.245
12.555000,-0.1463,0.1911,-0.0140,0.241
12.556000,-0.2193,0.1653,-0.0971,0.291
12.556000,-0.2637,0.1408,-0.1151,0.320
12.557000,-0.2640,0.1277,-0.0426,0.296
12.557000,-0.2049,0.1281,0.1076,0.265
12.558000,-0.1216,0.1413,0.3053,0.358
12.558000,-0.0306,0.1772,0.5258,0.556
12.558000,0.0654,0.2290,0.7483,0.785
12.559000,0.1821,0.2817,0.9424,1.000
12.559000,0.3186,0.3462,1.0857,1.183
12.560000,0.4756,0.4255,1.1394,1.306
12.560000,0.6597,0.5183,1.1179,1.398
12.560000,0.8540,0.6126,1.0447,1.482
12.564000,1.0325,0.6985,0.9763,1.583
12.567000,1.1834,0.7625,0.9387,1.692
12.572000,1.2738,0.8038,0.9348,1.773
12.577000,1.3153,0.8345,0.9582,1.829
12.584000,1.3250,0.8340,0.9988,1.857
12.587000,1.2872,0.8011,1.0503,1.844
12.592000,1.2071,0.7398,1.0942,1.789
12.635000,1.0672,0.6770,1.1079,1.681
12.636000,0.8877,0.6380,1.0815,1.538
12.637000,0.7044,0.5904,1.0298,1.380
12.637000,0.5659,0.5220,0.9680,1.237
12.638000,0.5151,0.4297,0.9355,1.151
12.638000,0.5686,0.3340,0.9477,1.155
12.639000,0.7034,0.2644,1.0049,1.255
12.639000,0.9222,0.2248,1.0896,1.445
12.640000,1.1527,0.2075,1.1296,1.627
12.640000,1.3617,0.2014,1.0862,1.753
12.645000,1.5155,0.1992,0.9741,1.813
12.650000,1.5712,0.1933,0.8081,1.777
12.655000,1.5240,0.1860,0.6311,1.660
12.660000,1.4317,0.1706,0.4899,1.523
12.665000,1.3231,0.1477,0.4135,1.394
12.670000,1.2398,0.1225,0.3876,1.305
12.674000,1.2139,0.1040,0.4172,1.288
12.688000,1.2398,0.0818,0.4643,1.326
12.690000,1.2923,0.0652,0.5104,1.391
12.692000,1.3416,0.0566,0.5351,1.446
12.694000,1.3646,0.0485,0.5468,1.471
12.738000,1.3470,0.0280,0.5305,1.448
12.739000,1.3260,0.0173,0.4863,1.412
12.739000,1.3329,0.0136,0.4303,1.401
12.740000,1.3097,-0.0047,0.3871,1.366
12.740000,1.2381,-0.0225,0.3500,1.287
12.741000,1.1121,-0.0452,0.3317,1.161
12.741000,0.9825,-0.0755,0.3346,1.041
12.741000,0.8931,-0.1236,0.2665,0.940
12.742000,0.8626,-0.1639,0.2079,0.902
12.744000,0.8941,-0.1846,0.1247,0.921
12.748000,0.9549,-0.1880,0.1364,0.983
12.753000,1.0167,-0.1624,0.1911,1.047
12.757000,1.1329,-0.1507,0.2780,1.176
12.762000,1.2916,-0.1326,0.3791,1.353
12.768000,1.4276,-0.1097,0.4738,1.508
12.772000,1.4967,-0.0960,0.5453,1.596
12.777000,1.5519,-0.0889,0.6103,1.670
12.782000,1.5714,-0.0767,0.6794,1.714
12.787000,1.5091,-0.0704,0.7004,1.665
12.791000,1.4293,-0.0938,0.6806,1.586
12.803000,1.3783,-0.1241,0.6489,1.528
12.805000,1.3712,-0.1297,0.6557,1.525
12.806000,1.3531,-0.1334,0.7099,1.534
12.811000,1.2972,-0.1390,0.7985,1.530
12.857000,1.2283,-0.1534,0.8498,1.502
12.858000,1.1434,-0.1685,0.8642,1.443
12.859000,1.0401,-0.1788,0.8574,1.360
12.859000,0.8628,-0.2132,0.8059,1.200
12.859000,0.6648,-0.2361,0.7148,1.004
12.860000,0.5168,-0.2349,0.6103,0.834
12.860000,0.4595,-0.2042,0.5402,0.738
12.861000,0.5159,-0.1739,0.5080,0.745
12.861000,0.6236,-0.1600,0.5073,0.820
12.861000,0.6509,-0.1319,0.5214,0.844
12.868000,0.8941,-0.1165,0.4811,1.022
